wscode;weatherdate;tmin;tmax;tmoy;rhmin;rhmax;rhmoy;rainfall;windtot;radiation;sunshine;eto
SHIZU2;1/1/1998;20.00;30.00;25.00;-999.00;-999.00;60.00;0.00;1.00;10.00;-999.00;-999.00
SHIZU2;2/1/1998;20.00;30.00;25.00;-999.00;-999.00;60.00;0.00;1.00;10.00;-999.00;-999.00
SHIZU2;3/1/1998;20.00;30.00;25.00;-999.00;-999.00;60.00;0.00;1.00;10.00;-999.00;-999.00
SHIZU2;4/1/1998;20.00;30.00;25.00;-999.00;-999.00;60.00;0.00;1.00;10.00;-999.00;-999.00
SHIZU2;5/1/1998;20.00;30.00;25.00;-999.00;-999.00;60.00;0.00;1.00;10.00;-999.00;-999.00
SHIZU2;6/1/1998;20.00;30.00;25.00;-999.00;-999.00;60.00;15.00;1.00;10.00;-999.00;-999.00
SHIZU2;7/1/1998;20.00;30.00;25.00;-999.00;-999.00;60.00;0.00;1.00;10.00;-999.00;-999.00
SHIZU2;8/1/1998;20.00;30.00;25.00;-999.00;-999.00;60.00;0.00;1.00;10.00;-999.00;-999.00
SHIZU2;9/1/1998;20.00;30.00;25.00;-999.00;-999.00;60.00;0.00;1.00;10.00;-999.00;-999.00
SHIZU2;10/1/1998;20.00;30.00;25.00;-999.00;-999.00;60.00;0.00;1.00;10.00;-999.00;-999.00
SHIZU2;11/1/1998;20.00;30.00;25.00;-999.00;-999.00;60.00;0.00;1.00;10.00;-999.00;-999.00
SHIZU2;12/1/1998;20.00;30.00;25.00;-999.00;-999.00;60.00;15.00;1.00;10.00;-999.00;-999.00
SHIZU2;13/1/1998;20.00;30.00;25.00;-999.00;-999.00;60.00;0.00;1.00;10.00;-999.00;-999.00
SHIZU2;14/1/1998;20.00;30.00;25.00;-999.00;-999.00;60.00;0.00;1.00;10.00;-999.00;-999.00
SHIZU2;15/1/1998;20.00;30.00;25.00;-999.00;-999.00;60.00;0.00;1.00;10.00;-999.00;-999.00
SHIZU2;16/1/1998;20.00;30.00;25.00;-999.00;-999.00;60.00;0.00;1.00;10.00;-999.00;-999.00
SHIZU2;17/1/1998;20.00;30.00;25.00;-999.00;-999.00;60.00;0.00;1.00;10.00;-999.00;-999.00
SHIZU2;18/1/1998;20.00;30.00;25.00;-999.00;-999.00;60.00;15.00;1.00;10.00;-999.00;-999.00
SHIZU2;19/1/1998;20.00;30.00;25.00;-999.00;-999.00;60.00;0.00;1.00;10.00;-999.00;-999.00
SHIZU2;20/1/1998;20.00;30.00;25.00;-999.00;-999.00;60.00;0.00;1.00;10.00;-999.00;-999.00
SHIZU2;21/1/1998;20.00;30.00;25.00;-999.00;-999.00;60.00;0.00;1.00;10.00;-999.00;-999.00
SHIZU2;22/1/1998;20.00;30.00;25.00;-999.00;-999.00;60.00;0.00;1.00;10.00;-999.00;-999.00
SHIZU2;23/1/1998;20.00;30.00;25.00;-999.00;-999.00;60.00;0.00;1.00;10.00;-999.00;-999.00
SHIZU2;24/1/1998;20.00;30.00;25.00;-999.00;-999.00;60.00;15.00;1.00;10.00;-999.00;-999.00
SHIZU2;25/1/1998;20.00;30.00;25.00;-999.00;-999.00;60.00;0.00;1.00;10.00;-999.00;-999.00
SHIZU2;26/1/1998;20.00;30.00;25.00;-999.00;-999.00;60.00;0.00;1.00;10.00;-999.00;-999.00
SHIZU2;27/1/1998;20.00;30.00;25.00;-999.00;-999.00;60.00;0.00;1.00;10.00;-999.00;-999.00
SHIZU2;28/1/1998;20.00;30.00;25.00;-999.00;-999.00;60.00;0.00;1.00;10.00;-999.00;-999.00
SHIZU2;29/1/1998;20.00;30.00;25.00;-999.00;-999.00;60.00;0.00;1.00;10.00;-999.00;-999.00
SHIZU2;30/1/1998;20.00;30.00;25.00;-999.00;-999.00;60.00;15.00;1.00;10.00;-999.00;-999.00
SHIZU2;31/1/1998;20.00;30.00;25.00;-999.00;-999.00;60.00;0.00;1.00;10.00;-999.00;-999.00
SHIZU2;1/2/1998;20.00;30.00;25.00;-999.00;-999.00;60.00;0.00;1.00;10.00;-999.00;-999.00
SHIZU2;2/2/1998;20.00;30.00;25.00;-999.00;-999.00;60.00;0.00;1.00;10.00;-999.00;-999.00
SHIZU2;3/2/1998;20.00;30.00;25.00;-999.00;-999.00;60.00;0.00;1.00;10.00;-999.00;-999.00
SHIZU2;4/2/1998;20.00;30.00;25.00;-999.00;-999.00;60.00;0.00;1.00;10.00;-999.00;-999.00
SHIZU2;5/2/1998;20.00;30.00;25.00;-999.00;-999.00;60.00;15.00;1.00;10.00;-999.00;-999.00
SHIZU2;6/2/1998;20.00;30.00;25.00;-999.00;-999.00;60.00;0.00;1.00;10.00;-999.00;-999.00
SHIZU2;7/2/1998;20.00;30.00;25.00;-999.00;-999.00;60.00;0.00;1.00;10.00;-999.00;-999.00
SHIZU2;8/2/1998;20.00;30.00;25.00;-999.00;-999.00;60.00;0.00;1.00;10.00;-999.00;-999.00
SHIZU2;9/2/1998;20.00;30.00;25.00;-999.00;-999.00;60.00;0.00;1.00;10.00;-999.00;-999.00
SHIZU2;10/2/1998;20.00;30.00;25.00;-999.00;-999.00;60.00;0.00;1.00;10.00;-999.00;-999.00
SHIZU2;11/2/1998;20.00;30.00;25.00;-999.00;-999.00;60.00;15.00;1.00;10.00;-999.00;-999.00
SHIZU2;12/2/1998;20.00;30.00;25.00;-999.00;-999.00;60.00;0.00;1.00;10.00;-999.00;-999.00
SHIZU2;13/2/1998;20.00;30.00;25.00;-999.00;-999.00;60.00;0.00;1.00;10.00;-999.00;-999.00
SHIZU2;14/2/1998;20.00;30.00;25.00;-999.00;-999.00;60.00;0.00;1.00;10.00;-999.00;-999.00
SHIZU2;15/2/1998;20.00;30.00;25.00;-999.00;-999.00;60.00;0.00;1.00;10.00;-999.00;-999.00
SHIZU2;16/2/1998;20.00;30.00;25.00;-999.00;-999.00;60.00;0.00;1.00;10.00;-999.00;-999.00
SHIZU2;17/2/1998;20.00;30.00;25.00;-999.00;-999.00;60.00;15.00;1.00;10.00;-999.00;-999.00
SHIZU2;18/2/1998;20.00;30.00;25.00;-999.00;-999.00;60.00;0.00;1.00;10.00;-999.00;-999.00
SHIZU2;19/2/1998;20.00;30.00;25.00;-999.00;-999.00;60.00;0.00;1.00;10.00;-999.00;-999.00
SHIZU2;20/2/1998;20.00;30.00;25.00;-999.00;-999.00;60.00;0.00;1.00;10.00;-999.00;-999.00
SHIZU2;21/2/1998;20.00;30.00;25.00;-999.00;-999.00;60.00;0.00;1.00;10.00;-999.00;-999.00
SHIZU2;22/2/1998;20.00;30.00;25.00;-999.00;-999.00;60.00;0.00;1.00;10.00;-999.00;-999.00
SHIZU2;23/2/1998;20.00;30.00;25.00;-999.00;-999.00;60.00;15.00;1.00;10.00;-999.00;-999.00
SHIZU2;24/2/1998;20.00;30.00;25.00;-999.00;-999.00;60.00;0.00;1.00;10.00;-999.00;-999.00
SHIZU2;25/2/1998;20.00;30.00;25.00;-999.00;-999.00;60.00;0.00;1.00;10.00;-999.00;-999.00
SHIZU2;26/2/1998;20.00;30.00;25.00;-999.00;-999.00;60.00;0.00;1.00;10.00;-999.00;-999.00
SHIZU2;27/2/1998;20.00;30.00;25.00;-999.00;-999.00;60.00;0.00;1.00;10.00;-999.00;-999.00
SHIZU2;28/2/1998;20.00;30.00;25.00;-999.00;-999.00;60.00;0.00;1.00;10.00;-999.00;-999.00
SHIZU2;1/3/1998;20.00;30.00;25.00;-999.00;-999.00;60.00;15.00;1.00;10.00;-999.00;-999.00
SHIZU2;2/3/1998;20.00;30.00;25.00;-999.00;-999.00;60.00;0.00;1.00;10.00;-999.00;-999.00
SHIZU2;3/3/1998;20.00;30.00;25.00;-999.00;-999.00;60.00;0.00;1.00;10.00;-999.00;-999.00
SHIZU2;4/3/1998;20.00;30.00;25.00;-999.00;-999.00;60.00;0.00;1.00;10.00;-999.00;-999.00
SHIZU2;5/3/1998;20.00;30.00;25.00;-999.00;-999.00;60.00;0.00;1.00;10.00;-999.00;-999.00
SHIZU2;6/3/1998;20.00;30.00;25.00;-999.00;-999.00;60.00;0.00;1.00;10.00;-999.00;-999.00
SHIZU2;7/3/1998;20.00;30.00;25.00;-999.00;-999.00;60.00;15.00;1.00;10.00;-999.00;-999.00
SHIZU2;8/3/1998;20.00;30.00;25.00;-999.00;-999.00;60.00;0.00;1.00;10.00;-999.00;-999.00
SHIZU2;9/3/1998;20.00;30.00;25.00;-999.00;-999.00;60.00;0.00;1.00;10.00;-999.00;-999.00
SHIZU2;10/3/1998;20.00;30.00;25.00;-999.00;-999.00;60.00;0.00;1.00;10.00;-999.00;-999.00
SHIZU2;11/3/1998;20.00;30.00;25.00;-999.00;-999.00;60.00;0.00;1.00;10.00;-999.00;-999.00
SHIZU2;12/3/1998;20.00;30.00;25.00;-999.00;-999.00;60.00;0.00;1.00;10.00;-999.00;-999.00
SHIZU2;13/3/1998;20.00;30.00;25.00;-999.00;-999.00;60.00;15.00;1.00;10.00;-999.00;-999.00
SHIZU2;14/3/1998;20.00;30.00;25.00;-999.00;-999.00;60.00;0.00;1.00;10.00;-999.00;-999.00
SHIZU2;15/3/1998;20.00;30.00;25.00;-999.00;-999.00;60.00;0.00;1.00;10.00;-999.00;-999.00
SHIZU2;16/3/1998;20.00;30.00;25.00;-999.00;-999.00;60.00;0.00;1.00;10.00;-999.00;-999.00
SHIZU2;17/3/1998;20.00;30.00;25.00;-999.00;-999.00;60.00;0.00;1.00;10.00;-999.00;-999.00
SHIZU2;18/3/1998;20.00;30.00;25.00;-999.00;-999.00;60.00;0.00;1.00;10.00;-999.00;-999.00
SHIZU2;19/3/1998;20.00;30.00;25.00;-999.00;-999.00;60.00;15.00;1.00;10.00;-999.00;-999.00
SHIZU2;20/3/1998;20.00;30.00;25.00;-999.00;-999.00;60.00;0.00;1.00;10.00;-999.00;-999.00
SHIZU2;21/3/1998;20.00;30.00;25.00;-999.00;-999.00;60.00;0.00;1.00;10.00;-999.00;-999.00
SHIZU2;22/3/1998;20.00;30.00;25.00;-999.00;-999.00;60.00;0.00;1.00;10.00;-999.00;-999.00
SHIZU2;23/3/1998;20.00;30.00;25.00;-999.00;-999.00;60.00;0.00;1.00;10.00;-999.00;-999.00
SHIZU2;24/3/1998;20.00;30.00;25.00;-999.00;-999.00;60.00;0.00;1.00;10.00;-999.00;-999.00
SHIZU2;25/3/1998;20.00;30.00;25.00;-999.00;-999.00;60.00;15.00;1.00;10.00;-999.00;-999.00
SHIZU2;26/3/1998;20.00;30.00;25.00;-999.00;-999.00;60.00;0.00;1.00;10.00;-999.00;-999.00
SHIZU2;27/3/1998;20.00;30.00;25.00;-999.00;-999.00;60.00;0.00;1.00;10.00;-999.00;-999.00
SHIZU2;28/3/1998;20.00;30.00;25.00;-999.00;-999.00;60.00;0.00;1.00;10.00;-999.00;-999.00
SHIZU2;29/3/1998;20.00;30.00;25.00;-999.00;-999.00;60.00;0.00;1.00;10.00;-999.00;-999.00
SHIZU2;30/3/1998;20.00;30.00;25.00;-999.00;-999.00;60.00;0.00;1.00;10.00;-999.00;-999.00
SHIZU2;31/3/1998;20.00;30.00;25.00;-999.00;-999.00;60.00;15.00;1.00;10.00;-999.00;-999.00
SHIZU2;1/4/1998;20.00;30.00;25.00;-999.00;-999.00;60.00;0.00;1.00;10.00;-999.00;-999.00
SHIZU2;2/4/1998;20.00;30.00;25.00;-999.00;-999.00;60.00;0.00;1.00;10.00;-999.00;-999.00
SHIZU2;3/4/1998;20.00;30.00;25.00;-999.00;-999.00;60.00;0.00;1.00;10.00;-999.00;-999.00
SHIZU2;4/4/1998;20.00;30.00;25.00;-999.00;-999.00;60.00;0.00;1.00;10.00;-999.00;-999.00
SHIZU2;5/4/1998;20.00;30.00;25.00;-999.00;-999.00;60.00;0.00;1.00;10.00;-999.00;-999.00
SHIZU2;6/4/1998;20.00;30.00;25.00;-999.00;-999.00;60.00;15.00;1.00;10.00;-999.00;-999.00
SHIZU2;7/4/1998;20.00;30.00;25.00;-999.00;-999.00;60.00;0.00;1.00;10.00;-999.00;-999.00
SHIZU2;8/4/1998;20.00;30.00;25.00;-999.00;-999.00;60.00;0.00;1.00;10.00;-999.00;-999.00
SHIZU2;9/4/1998;20.00;30.00;25.00;-999.00;-999.00;60.00;0.00;1.00;10.00;-999.00;-999.00
SHIZU2;10/4/1998;20.00;30.00;25.00;-999.00;-999.00;60.00;0.00;1.00;10.00;-999.00;-999.00
SHIZU2;11/4/1998;20.00;30.00;25.00;-999.00;-999.00;60.00;0.00;1.00;10.00;-999.00;-999.00
SHIZU2;12/4/1998;20.00;30.00;25.00;-999.00;-999.00;60.00;15.00;1.00;10.00;-999.00;-999.00
SHIZU2;13/4/1998;20.00;30.00;25.00;-999.00;-999.00;60.00;0.00;1.00;10.00;-999.00;-999.00
SHIZU2;14/4/1998;20.00;30.00;25.00;-999.00;-999.00;60.00;0.00;1.00;10.00;-999.00;-999.00
SHIZU2;15/4/1998;20.00;30.00;25.00;-999.00;-999.00;60.00;0.00;1.00;10.00;-999.00;-999.00
SHIZU2;16/4/1998;20.00;30.00;25.00;-999.00;-999.00;60.00;0.00;1.00;10.00;-999.00;-999.00
SHIZU2;17/4/1998;20.00;30.00;25.00;-999.00;-999.00;60.00;0.00;1.00;10.00;-999.00;-999.00
SHIZU2;18/4/1998;20.00;30.00;25.00;-999.00;-999.00;60.00;15.00;1.00;10.00;-999.00;-999.00
SHIZU2;19/4/1998;20.00;30.00;25.00;-999.00;-999.00;60.00;0.00;1.00;10.00;-999.00;-999.00
SHIZU2;20/4/1998;20.00;30.00;25.00;-999.00;-999.00;60.00;0.00;1.00;10.00;-999.00;-999.00
SHIZU2;21/4/1998;20.00;30.00;25.00;-999.00;-999.00;60.00;0.00;1.00;10.00;-999.00;-999.00
SHIZU2;22/4/1998;20.00;30.00;25.00;-999.00;-999.00;60.00;0.00;1.00;10.00;-999.00;-999.00
SHIZU2;23/4/1998;20.00;30.00;25.00;-999.00;-999.00;60.00;0.00;1.00;10.00;-999.00;-999.00
SHIZU2;24/4/1998;20.00;30.00;25.00;-999.00;-999.00;60.00;15.00;1.00;10.00;-999.00;-999.00
SHIZU2;25/4/1998;20.00;30.00;25.00;-999.00;-999.00;60.00;0.00;1.00;10.00;-999.00;-999.00
SHIZU2;26/4/1998;20.00;30.00;25.00;-999.00;-999.00;60.00;0.00;1.00;10.00;-999.00;-999.00
SHIZU2;27/4/1998;20.00;30.00;25.00;-999.00;-999.00;60.00;0.00;1.00;10.00;-999.00;-999.00
SHIZU2;28/4/1998;20.00;30.00;25.00;-999.00;-999.00;60.00;0.00;1.00;10.00;-999.00;-999.00
SHIZU2;29/4/1998;20.00;30.00;25.00;-999.00;-999.00;60.00;0.00;1.00;10.00;-999.00;-999.00
SHIZU2;30/4/1998;20.00;30.00;25.00;-999.00;-999.00;60.00;15.00;1.00;10.00;-999.00;-999.00
SHIZU2;1/5/1998;20.00;30.00;25.00;-999.00;-999.00;60.00;0.00;1.00;10.00;-999.00;-999.00
SHIZU2;2/5/1998;20.00;30.00;25.00;-999.00;-999.00;60.00;0.00;1.00;10.00;-999.00;-999.00
SHIZU2;3/5/1998;20.00;30.00;25.00;-999.00;-999.00;60.00;0.00;1.00;10.00;-999.00;-999.00
SHIZU2;4/5/1998;20.00;30.00;25.00;-999.00;-999.00;60.00;0.00;1.00;10.00;-999.00;-999.00
SHIZU2;5/5/1998;20.00;30.00;25.00;-999.00;-999.00;60.00;0.00;1.00;10.00;-999.00;-999.00
SHIZU2;6/5/1998;20.00;30.00;25.00;-999.00;-999.00;60.00;15.00;1.00;10.00;-999.00;-999.00
SHIZU2;7/5/1998;20.00;30.00;25.00;-999.00;-999.00;60.00;0.00;1.00;10.00;-999.00;-999.00
SHIZU2;8/5/1998;20.00;30.00;25.00;-999.00;-999.00;60.00;0.00;1.00;10.00;-999.00;-999.00
SHIZU2;9/5/1998;20.00;30.00;25.00;-999.00;-999.00;60.00;0.00;1.00;10.00;-999.00;-999.00
SHIZU2;10/5/1998;20.00;30.00;25.00;-999.00;-999.00;60.00;0.00;1.00;10.00;-999.00;-999.00
SHIZU2;11/5/1998;20.00;30.00;25.00;-999.00;-999.00;60.00;0.00;1.00;10.00;-999.00;-999.00
SHIZU2;12/5/1998;20.00;30.00;25.00;-999.00;-999.00;60.00;15.00;1.00;10.00;-999.00;-999.00
SHIZU2;13/5/1998;20.00;30.00;25.00;-999.00;-999.00;60.00;0.00;1.00;10.00;-999.00;-999.00
SHIZU2;14/5/1998;20.00;30.00;25.00;-999.00;-999.00;60.00;15.00;1.00;10.00;-999.00;-999.00
SHIZU2;15/5/1998;20.00;30.00;25.00;-999.00;-999.00;60.00;0.00;1.00;10.00;-999.00;-999.00
SHIZU2;16/5/1998;20.00;30.00;25.00;-999.00;-999.00;60.00;0.00;1.00;10.00;-999.00;-999.00
SHIZU2;17/5/1998;20.00;30.00;25.00;-999.00;-999.00;60.00;0.00;1.00;10.00;-999.00;-999.00
SHIZU2;18/5/1998;20.00;30.00;25.00;-999.00;-999.00;60.00;0.00;1.00;10.00;-999.00;-999.00
SHIZU2;19/5/1998;20.00;30.00;25.00;-999.00;-999.00;60.00;0.00;1.00;10.00;-999.00;-999.00
SHIZU2;20/5/1998;20.00;30.00;25.00;-999.00;-999.00;60.00;15.00;1.00;10.00;-999.00;-999.00
SHIZU2;21/5/1998;7.20;23.80;15.50;-999.00;-999.00;61.30;0.00;2.73;24.70;-999.00;-999.00
SHIZU2;22/5/1998;9.10;25.50;17.30;-999.00;-999.00;62.20;0.00;1.50;25.93;-999.00;-999.00
SHIZU2;23/5/1998;10.00;26.90;18.45;-999.00;-999.00;69.20;0.00;1.15;17.62;-999.00;-999.00
SHIZU2;24/5/1998;9.20;20.80;15.00;-999.00;-999.00;80.60;8.20;0.97;8.72;-999.00;-999.00
SHIZU2;25/5/1998;9.10;19.10;14.10;-999.00;-999.00;87.20;22.00;2.38;8.58;-999.00;-999.00
SHIZU2;26/5/1998;7.10;23.40;15.25;-999.00;-999.00;56.40;0.00;1.06;28.54;-999.00;-999.00
SHIZU2;27/5/1998;5.60;25.40;15.50;-999.00;-999.00;52.70;0.00;1.06;30.33;-999.00;-999.00
SHIZU2;28/5/1998;7.50;25.10;16.30;-999.00;-999.00;58.00;0.00;1.67;28.02;-999.00;-999.00
SHIZU2;29/5/1998;13.80;19.50;16.65;-999.00;-999.00;93.40;3.70;0.88;4.00;-999.00;-999.00
SHIZU2;30/5/1998;13.60;23.20;18.40;-999.00;-999.00;71.80;0.20;2.91;18.73;-999.00;-999.00
SHIZU2;31/5/1998;8.50;20.00;14.25;-999.00;-999.00;50.20;0.00;3.00;25.93;-999.00;-999.00
SHIZU2;1/6/1998;10.50;23.40;16.95;-999.00;-999.00;51.20;0.00;4.05;26.63;-999.00;-999.00
SHIZU2;2/6/1998;9.80;21.80;15.80;-999.00;-999.00;72.00;0.00;1.76;23.72;-999.00;-999.00
SHIZU2;3/6/1998;10.40;13.10;11.75;-999.00;-999.00;92.10;23.00;0.97;1.91;-999.00;-999.00
SHIZU2;4/6/1998;11.50;18.10;14.80;-999.00;-999.00;91.90;17.00;1.23;11.25;-999.00;-999.00
SHIZU2;5/6/1998;10.20;18.50;14.35;-999.00;-999.00;83.30;0.80;2.03;13.55;-999.00;-999.00
SHIZU2;6/6/1998;9.00;15.70;12.35;-999.00;-999.00;73.70;0.00;1.06;10.04;-999.00;-999.00
SHIZU2;7/6/1998;7.60;16.50;12.05;-999.00;-999.00;76.80;0.10;1.32;13.16;-999.00;-999.00
SHIZU2;8/6/1998;10.30;20.50;15.40;-999.00;-999.00;75.30;0.00;1.32;12.08;-999.00;-999.00
SHIZU2;9/6/1998;13.20;20.70;16.95;-999.00;-999.00;76.10;0.00;1.06;10.82;-999.00;-999.00
SHIZU2;10/6/1998;13.90;18.90;16.40;-999.00;-999.00;84.20;9.00;1.32;4.66;-999.00;-999.00
SHIZU2;11/6/1998;14.00;18.00;16.00;-999.00;-999.00;92.60;14.80;0.53;7.82;-999.00;-999.00
SHIZU2;12/6/1998;14.10;19.10;16.60;-999.00;-999.00;80.40;1.80;0.97;8.17;-999.00;-999.00
SHIZU2;13/6/1998;13.10;18.00;15.55;-999.00;-999.00;85.10;0.30;0.88;7.33;-999.00;-999.00
SHIZU2;14/6/1998;14.60;17.60;16.10;-999.00;-999.00;94.00;33.10;1.23;2.80;-999.00;-999.00
SHIZU2;15/6/1998;12.90;19.70;16.30;-999.00;-999.00;80.80;3.60;2.29;10.89;-999.00;-999.00
SHIZU2;16/6/1998;13.00;20.80;16.90;-999.00;-999.00;92.40;1.80;1.59;6.87;-999.00;-999.00
SHIZU2;17/6/1998;12.80;24.90;18.85;-999.00;-999.00;71.40;0.00;2.38;27.37;-999.00;-999.00
SHIZU2;18/6/1998;10.40;27.50;18.95;-999.00;-999.00;72.40;0.00;1.06;27.30;-999.00;-999.00
SHIZU2;19/6/1998;16.90;20.40;18.65;-999.00;-999.00;87.30;14.50;0.53;3.64;-999.00;-999.00
SHIZU2;20/6/1998;16.50;22.00;19.25;-999.00;-999.00;79.50;11.60;3.70;3.24;-999.00;-999.00
SHIZU2;21/6/1998;15.20;23.70;19.45;-999.00;-999.00;67.10;0.00;2.73;23.67;-999.00;-999.00
SHIZU2;22/6/1998;13.60;19.20;16.40;-999.00;-999.00;76.00;0.00;1.67;9.80;-999.00;-999.00
SHIZU2;23/6/1998;12.80;18.30;15.55;-999.00;-999.00;78.60;0.00;1.50;9.86;-999.00;-999.00
SHIZU2;24/6/1998;13.90;23.50;18.70;-999.00;-999.00;77.90;0.00;1.06;19.14;-999.00;-999.00
SHIZU2;25/6/1998;16.20;22.90;19.55;-999.00;-999.00;86.50;3.30;0.53;10.68;-999.00;-999.00
SHIZU2;26/6/1998;18.50;23.00;20.75;-999.00;-999.00;96.00;41.40;0.44;6.35;-999.00;-999.00
SHIZU2;27/6/1998;19.90;26.40;23.15;-999.00;-999.00;83.20;43.00;2.91;12.26;-999.00;-999.00
SHIZU2;28/6/1998;19.20;23.30;21.25;-999.00;-999.00;81.50;0.20;2.73;8.27;-999.00;-999.00
SHIZU2;29/6/1998;15.20;26.70;20.95;-999.00;-999.00;79.10;0.00;2.64;21.99;-999.00;-999.00
SHIZU2;30/6/1998;12.40;25.20;18.80;-999.00;-999.00;72.80;0.00;2.20;27.69;-999.00;-999.00
SHIZU2;1/7/1998;14.30;29.50;21.90;-999.00;-999.00;72.10;0.00;0.97;20.49;-999.00;-999.00
SHIZU2;2/7/1998;19.60;28.10;23.85;-999.00;-999.00;82.10;0.00;1.15;10.22;-999.00;-999.00
SHIZU2;3/7/1998;21.00;27.20;24.10;-999.00;-999.00;90.60;28.10;1.15;6.33;-999.00;-999.00
SHIZU2;4/7/1998;18.90;27.20;23.05;-999.00;-999.00;87.80;4.30;1.94;15.21;-999.00;-999.00
SHIZU2;5/7/1998;18.60;26.60;22.60;-999.00;-999.00;76.60;0.00;1.94;16.97;-999.00;-999.00
SHIZU2;6/7/1998;17.40;25.90;21.65;-999.00;-999.00;77.60;0.00;1.50;9.79;-999.00;-999.00
SHIZU2;7/7/1998;18.00;22.90;20.45;-999.00;-999.00;95.70;45.60;0.44;6.58;-999.00;-999.00
SHIZU2;8/7/1998;18.20;23.90;21.05;-999.00;-999.00;94.50;15.10;0.71;3.50;-999.00;-999.00
SHIZU2;9/7/1998;21.20;27.20;24.20;-999.00;-999.00;83.60;5.60;2.20;13.52;-999.00;-999.00
SHIZU2;10/7/1998;19.70;26.40;23.05;-999.00;-999.00;79.90;0.00;2.38;18.49;-999.00;-999.00
SHIZU2;11/7/1998;15.50;25.70;20.60;-999.00;-999.00;78.50;1.40;1.50;11.01;-999.00;-999.00
SHIZU2;12/7/1998;14.30;21.50;17.90;-999.00;-999.00;75.20;1.20;3.08;12.84;-999.00;-999.00
SHIZU2;13/7/1998;12.20;23.80;18.00;-999.00;-999.00;70.90;0.00;1.67;24.67;-999.00;-999.00
SHIZU2;14/7/1998;13.80;25.90;19.85;-999.00;-999.00;66.10;0.00;1.23;24.84;-999.00;-999.00
SHIZU2;15/7/1998;14.30;27.40;20.85;-999.00;-999.00;65.60;0.00;1.15;27.94;-999.00;-999.00
SHIZU2;16/7/1998;10.70;25.40;18.05;-999.00;-999.00;70.80;0.00;1.32;27.24;-999.00;-999.00
SHIZU2;17/7/1998;16.20;24.70;20.45;-999.00;-999.00;78.40;0.00;1.15;14.00;-999.00;-999.00
SHIZU2;18/7/1998;13.00;25.80;19.40;-999.00;-999.00;71.00;0.00;2.20;28.42;-999.00;-999.00
SHIZU2;19/7/1998;10.20;28.20;19.20;-999.00;-999.00;75.40;0.00;1.41;28.51;-999.00;-999.00
SHIZU2;20/7/1998;18.40;27.00;22.70;-999.00;-999.00;78.70;0.00;1.59;12.04;-999.00;-999.00
SHIZU2;21/7/1998;16.80;27.80;22.30;-999.00;-999.00;71.90;0.00;1.23;22.45;-999.00;-999.00
SHIZU2;22/7/1998;15.70;24.60;20.15;-999.00;-999.00;84.30;2.80;0.97;9.67;-999.00;-999.00
SHIZU2;23/7/1998;17.30;25.30;21.30;-999.00;-999.00;96.90;79.00;0.62;8.40;-999.00;-999.00
SHIZU2;24/7/1998;21.60;25.80;23.70;-999.00;-999.00;90.10;1.20;1.23;8.30;-999.00;-999.00
SHIZU2;25/7/1998;21.50;29.30;25.40;-999.00;-999.00;81.50;0.90;0.97;14.65;-999.00;-999.00
SHIZU2;26/7/1998;21.30;30.70;26.00;-999.00;-999.00;84.30;0.10;0.79;13.82;-999.00;-999.00
SHIZU2;27/7/1998;22.50;27.00;24.75;-999.00;-999.00;90.20;0.20;0.79;6.36;-999.00;-999.00
SHIZU2;28/7/1998;22.50;32.40;27.45;-999.00;-999.00;90.60;3.50;0.44;15.80;-999.00;-999.00
SHIZU2;29/7/1998;19.30;25.90;22.60;-999.00;-999.00;91.00;1.80;0.79;3.86;-999.00;-999.00
SHIZU2;30/7/1998;18.40;21.00;19.70;-999.00;-999.00;94.70;13.40;0.44;3.20;-999.00;-999.00
SHIZU2;31/7/1998;18.30;22.60;20.45;-999.00;-999.00;90.20;1.80;0.88;8.94;-999.00;-999.00
SHIZU2;1/8/1998;18.70;25.70;22.20;-999.00;-999.00;89.10;2.90;0.44;10.61;-999.00;-999.00
SHIZU2;2/8/1998;20.80;23.60;22.20;-999.00;-999.00;100.00;27.10;0.18;4.18;-999.00;-999.00
SHIZU2;3/8/1998;22.00;29.80;25.90;-999.00;-999.00;84.10;7.80;1.50;12.94;-999.00;-999.00
SHIZU2;4/8/1998;21.40;30.00;25.70;-999.00;-999.00;80.80;0.00;1.32;17.24;-999.00;-999.00
SHIZU2;5/8/1998;20.50;30.00;25.25;-999.00;-999.00;85.10;0.00;1.15;14.04;-999.00;-999.00
SHIZU2;6/8/1998;19.30;27.80;23.55;-999.00;-999.00;85.50;17.60;0.97;10.04;-999.00;-999.00
SHIZU2;7/8/1998;17.60;23.50;20.55;-999.00;-999.00;92.00;61.10;0.44;6.14;-999.00;-999.00
SHIZU2;8/8/1998;13.60;20.20;16.90;-999.00;-999.00;76.00;0.10;3.26;10.52;-999.00;-999.00
SHIZU2;9/8/1998;14.20;25.70;19.95;-999.00;-999.00;77.00;0.00;0.71;21.66;-999.00;-999.00
SHIZU2;10/8/1998;12.40;24.10;18.25;-999.00;-999.00;76.60;0.00;2.03;24.76;-999.00;-999.00
SHIZU2;11/8/1998;10.60;27.30;18.95;-999.00;-999.00;80.80;5.70;0.79;20.73;-999.00;-999.00
SHIZU2;12/8/1998;16.20;24.50;20.35;-999.00;-999.00;95.00;74.40;0.71;8.71;-999.00;-999.00
SHIZU2;13/8/1998;19.60;30.20;24.90;-999.00;-999.00;92.10;7.80;0.88;9.24;-999.00;-999.00
SHIZU2;14/8/1998;19.20;30.70;24.95;-999.00;-999.00;85.90;0.00;0.71;18.02;-999.00;-999.00
SHIZU2;15/8/1998;19.20;25.30;22.25;-999.00;-999.00;89.00;5.80;0.79;4.80;-999.00;-999.00
SHIZU2;16/8/1998;19.30;25.60;22.45;-999.00;-999.00;89.80;51.30;2.20;5.50;-999.00;-999.00
SHIZU2;17/8/1998;18.70;27.20;22.95;-999.00;-999.00;79.60;0.00;1.94;15.26;-999.00;-999.00
SHIZU2;18/8/1998;18.40;29.30;23.85;-999.00;-999.00;80.30;0.00;1.06;18.61;-999.00;-999.00
SHIZU2;19/8/1998;19.60;21.40;20.50;-999.00;-999.00;95.20;23.20;0.97;1.93;-999.00;-999.00
SHIZU2;20/8/1998;19.30;28.90;24.10;-999.00;-999.00;76.70;0.10;2.20;20.55;-999.00;-999.00
SHIZU2;21/8/1998;13.70;27.60;20.65;-999.00;-999.00;65.50;0.00;2.47;25.11;-999.00;-999.00
SHIZU2;22/8/1998;12.60;28.10;20.35;-999.00;-999.00;69.30;0.00;1.06;22.63;-999.00;-999.00
SHIZU2;23/8/1998;16.60;29.00;22.80;-999.00;-999.00;82.50;0.00;0.44;15.02;-999.00;-999.00
SHIZU2;24/8/1998;20.50;29.30;24.90;-999.00;-999.00;82.10;0.00;0.88;15.27;-999.00;-999.00
SHIZU2;25/8/1998;19.80;27.80;23.80;-999.00;-999.00;85.80;0.00;1.23;10.16;-999.00;-999.00
SHIZU2;26/8/1998;19.00;25.50;22.25;-999.00;-999.00;97.10;5.10;0.26;6.34;-999.00;-999.00
SHIZU2;27/8/1998;19.00;22.90;20.95;-999.00;-999.00;100.00;16.90;0.62;3.84;-999.00;-999.00
SHIZU2;28/8/1998;19.50;27.40;23.45;-999.00;-999.00;95.90;45.80;1.15;7.62;-999.00;-999.00
SHIZU2;29/8/1998;19.10;22.40;20.75;-999.00;-999.00;95.90;54.70;0.44;4.22;-999.00;-999.00
SHIZU2;30/8/1998;19.40;22.80;21.10;-999.00;-999.00;95.20;23.80;0.53;4.84;-999.00;-999.00
SHIZU2;31/8/1998;18.00;23.40;20.70;-999.00;-999.00;91.50;15.30;0.79;6.23;-999.00;-999.00
SHIZU2;1/9/1998;17.40;26.20;21.80;-999.00;-999.00;84.40;0.50;0.53;12.81;-999.00;-999.00
SHIZU2;2/9/1998;17.50;27.50;22.50;-999.00;-999.00;80.80;0.00;0.62;17.05;-999.00;-999.00
SHIZU2;3/9/1998;14.60;27.60;21.10;-999.00;-999.00;83.10;0.50;1.15;16.61;-999.00;-999.00
SHIZU2;4/9/1998;13.60;25.80;19.70;-999.00;-999.00;81.50;0.00;0.62;17.18;-999.00;-999.00
SHIZU2;5/9/1998;15.20;26.60;20.90;-999.00;-999.00;78.00;0.00;1.32;17.70;-999.00;-999.00
SHIZU2;6/9/1998;17.90;25.30;21.60;-999.00;-999.00;78.90;0.00;1.32;11.52;-999.00;-999.00
SHIZU2;7/9/1998;18.00;23.40;20.70;-999.00;-999.00;85.30;0.00;1.06;6.51;-999.00;-999.00
SHIZU2;8/9/1998;18.20;26.50;22.35;-999.00;-999.00;82.50;0.00;0.88;12.49;-999.00;-999.00
SHIZU2;9/9/1998;16.10;29.20;22.65;-999.00;-999.00;76.70;0.00;0.71;20.64;-999.00;-999.00
SHIZU2;10/9/1998;15.00;30.10;22.55;-999.00;-999.00;74.70;0.00;0.44;19.80;-999.00;-999.00
SHIZU2;11/9/1998;14.30;30.40;22.35;-999.00;-999.00;77.50;0.00;0.44;17.40;-999.00;-999.00
SHIZU2;12/9/1998;17.30;31.50;24.40;-999.00;-999.00;71.90;0.00;0.62;18.70;-999.00;-999.00
SHIZU2;13/9/1998;14.20;27.10;20.65;-999.00;-999.00;79.80;0.00;1.59;16.38;-999.00;-999.00
SHIZU2;14/9/1998;13.60;22.80;18.20;-999.00;-999.00;85.60;0.00;1.06;8.14;-999.00;-999.00
SHIZU2;15/9/1998;18.80;24.60;21.70;-999.00;-999.00;88.30;19.20;0.44;5.91;-999.00;-999.00
SHIZU2;16/9/1998;18.30;24.70;21.50;-999.00;-999.00;92.70;86.40;2.29;2.87;-999.00;-999.00
SHIZU2;17/9/1998;15.60;21.40;18.50;-999.00;-999.00;84.20;0.00;2.20;6.73;-999.00;-999.00
SHIZU2;18/9/1998;15.30;23.80;19.55;-999.00;-999.00;85.90;5.10;0.53;10.92;-999.00;-999.00
SHIZU2;19/9/1998;18.80;26.10;22.45;-999.00;-999.00;94.20;1.50;0.35;7.75;-999.00;-999.00
SHIZU2;20/9/1998;19.00;27.30;23.15;-999.00;-999.00;95.50;0.00;0.35;6.93;-999.00;-999.00
SHIZU2;21/9/1998;18.10;27.00;22.55;-999.00;-999.00;96.20;6.30;0.88;6.68;-999.00;-999.00
SHIZU2;22/9/1998;22.30;24.80;23.55;-999.00;-999.00;96.50;71.80;1.32;3.37;-999.00;-999.00
SHIZU2;23/9/1998;17.10;25.00;21.05;-999.00;-999.00;81.60;2.70;2.20;9.84;-999.00;-999.00
SHIZU2;24/9/1998;16.00;19.20;17.60;-999.00;-999.00;95.10;23.10;0.18;3.31;-999.00;-999.00
SHIZU2;25/9/1998;16.40;21.10;18.75;-999.00;-999.00;100.00;12.80;0.79;3.35;-999.00;-999.00
SHIZU2;26/9/1998;15.00;21.60;18.30;-999.00;-999.00;87.30;0.00;0.88;5.60;-999.00;-999.00
SHIZU2;27/9/1998;14.10;22.50;18.30;-999.00;-999.00;92.20;0.00;0.26;8.36;-999.00;-999.00
SHIZU2;28/9/1998;15.70;24.60;20.15;-999.00;-999.00;84.30;0.00;0.35;11.95;-999.00;-999.00
SHIZU2;29/9/1998;15.60;22.00;18.80;-999.00;-999.00;82.30;0.60;0.62;5.97;-999.00;-999.00
SHIZU2;30/9/1998;15.50;17.80;16.65;-999.00;-999.00;97.00;38.10;0.35;1.82;-999.00;-999.00
SHIZU2;1/10/1998;15.00;17.60;16.30;-999.00;-999.00;97.70;53.90;0.35;2.30;-999.00;-999.00
SHIZU2;2/10/1998;16.10;21.80;18.95;-999.00;-999.00;94.00;23.00;0.53;4.82;-999.00;-999.00
SHIZU2;3/10/1998;7.20;22.10;14.65;-999.00;-999.00;68.50;0.00;2.82;17.44;-999.00;-999.00
SHIZU2;4/10/1998;5.30;19.10;12.20;-999.00;-999.00;79.50;0.30;1.94;8.29;-999.00;-999.00
SHIZU2;5/10/1998;2.70;19.30;11.00;-999.00;-999.00;89.40;0.00;0.44;17.95;-999.00;-999.00
SHIZU2;6/10/1998;8.00;23.90;15.95;-999.00;-999.00;88.10;0.00;0.97;13.70;-999.00;-999.00
SHIZU2;7/10/1998;20.00;30.00;25.00;-999.00;-999.00;60.00;15.00;1.00;10.00;-999.00;-999.00
SHIZU2;8/10/1998;20.00;30.00;25.00;-999.00;-999.00;60.00;0.00;1.00;10.00;-999.00;-999.00
SHIZU2;9/10/1998;20.00;30.00;25.00;-999.00;-999.00;60.00;0.00;1.00;10.00;-999.00;-999.00
SHIZU2;10/10/1998;20.00;30.00;25.00;-999.00;-999.00;60.00;0.00;1.00;10.00;-999.00;-999.00
SHIZU2;11/10/1998;20.00;30.00;25.00;-999.00;-999.00;60.00;0.00;1.00;10.00;-999.00;-999.00
SHIZU2;12/10/1998;20.00;30.00;25.00;-999.00;-999.00;60.00;15.00;1.00;10.00;-999.00;-999.00
SHIZU2;13/10/1998;20.00;30.00;25.00;-999.00;-999.00;60.00;0.00;1.00;10.00;-999.00;-999.00
SHIZU2;14/10/1998;20.00;30.00;25.00;-999.00;-999.00;60.00;0.00;1.00;10.00;-999.00;-999.00
SHIZU2;15/10/1998;20.00;30.00;25.00;-999.00;-999.00;60.00;0.00;1.00;10.00;-999.00;-999.00
SHIZU2;16/10/1998;20.00;30.00;25.00;-999.00;-999.00;60.00;0.00;1.00;10.00;-999.00;-999.00
SHIZU2;17/10/1998;20.00;30.00;25.00;-999.00;-999.00;60.00;15.00;1.00;10.00;-999.00;-999.00
SHIZU2;18/10/1998;20.00;30.00;25.00;-999.00;-999.00;60.00;0.00;1.00;10.00;-999.00;-999.00
SHIZU2;19/10/1998;20.00;30.00;25.00;-999.00;-999.00;60.00;0.00;1.00;10.00;-999.00;-999.00
SHIZU2;20/10/1998;20.00;30.00;25.00;-999.00;-999.00;60.00;0.00;1.00;10.00;-999.00;-999.00
SHIZU2;21/10/1998;20.00;30.00;25.00;-999.00;-999.00;60.00;0.00;1.00;10.00;-999.00;-999.00
SHIZU2;22/10/1998;20.00;30.00;25.00;-999.00;-999.00;60.00;15.00;1.00;10.00;-999.00;-999.00
SHIZU2;23/10/1998;20.00;30.00;25.00;-999.00;-999.00;60.00;0.00;1.00;10.00;-999.00;-999.00
SHIZU2;24/10/1998;20.00;30.00;25.00;-999.00;-999.00;60.00;0.00;1.00;10.00;-999.00;-999.00
SHIZU2;25/10/1998;20.00;30.00;25.00;-999.00;-999.00;60.00;0.00;1.00;10.00;-999.00;-999.00
SHIZU2;26/10/1998;20.00;30.00;25.00;-999.00;-999.00;60.00;0.00;1.00;10.00;-999.00;-999.00
SHIZU2;27/10/1998;20.00;30.00;25.00;-999.00;-999.00;60.00;15.00;1.00;10.00;-999.00;-999.00
SHIZU2;28/10/1998;20.00;30.00;25.00;-999.00;-999.00;60.00;0.00;1.00;10.00;-999.00;-999.00
SHIZU2;29/10/1998;20.00;30.00;25.00;-999.00;-999.00;60.00;0.00;1.00;10.00;-999.00;-999.00
SHIZU2;30/10/1998;20.00;30.00;25.00;-999.00;-999.00;60.00;0.00;1.00;10.00;-999.00;-999.00
SHIZU2;31/10/1998;20.00;30.00;25.00;-999.00;-999.00;60.00;0.00;1.00;10.00;-999.00;-999.00
SHIZU2;1/11/1998;20.00;30.00;25.00;-999.00;-999.00;60.00;15.00;1.00;10.00;-999.00;-999.00
SHIZU2;2/11/1998;20.00;30.00;25.00;-999.00;-999.00;60.00;0.00;1.00;10.00;-999.00;-999.00
SHIZU2;3/11/1998;20.00;30.00;25.00;-999.00;-999.00;60.00;0.00;1.00;10.00;-999.00;-999.00
SHIZU2;4/11/1998;20.00;30.00;25.00;-999.00;-999.00;60.00;0.00;1.00;10.00;-999.00;-999.00
SHIZU2;5/11/1998;20.00;30.00;25.00;-999.00;-999.00;60.00;0.00;1.00;10.00;-999.00;-999.00
SHIZU2;6/11/1998;20.00;30.00;25.00;-999.00;-999.00;60.00;15.00;1.00;10.00;-999.00;-999.00
SHIZU2;7/11/1998;20.00;30.00;25.00;-999.00;-999.00;60.00;0.00;1.00;10.00;-999.00;-999.00
SHIZU2;8/11/1998;20.00;30.00;25.00;-999.00;-999.00;60.00;0.00;1.00;10.00;-999.00;-999.00
SHIZU2;9/11/1998;20.00;30.00;25.00;-999.00;-999.00;60.00;0.00;1.00;10.00;-999.00;-999.00
SHIZU2;10/11/1998;20.00;30.00;25.00;-999.00;-999.00;60.00;0.00;1.00;10.00;-999.00;-999.00
SHIZU2;11/11/1998;20.00;30.00;25.00;-999.00;-999.00;60.00;15.00;1.00;10.00;-999.00;-999.00
SHIZU2;12/11/1998;20.00;30.00;25.00;-999.00;-999.00;60.00;0.00;1.00;10.00;-999.00;-999.00
SHIZU2;13/11/1998;20.00;30.00;25.00;-999.00;-999.00;60.00;0.00;1.00;10.00;-999.00;-999.00
SHIZU2;14/11/1998;20.00;30.00;25.00;-999.00;-999.00;60.00;0.00;1.00;10.00;-999.00;-999.00
SHIZU2;15/11/1998;20.00;30.00;25.00;-999.00;-999.00;60.00;0.00;1.00;10.00;-999.00;-999.00
SHIZU2;16/11/1998;20.00;30.00;25.00;-999.00;-999.00;60.00;15.00;1.00;10.00;-999.00;-999.00
SHIZU2;17/11/1998;20.00;30.00;25.00;-999.00;-999.00;60.00;0.00;1.00;10.00;-999.00;-999.00
SHIZU2;18/11/1998;20.00;30.00;25.00;-999.00;-999.00;60.00;0.00;1.00;10.00;-999.00;-999.00
SHIZU2;19/11/1998;20.00;30.00;25.00;-999.00;-999.00;60.00;0.00;1.00;10.00;-999.00;-999.00
SHIZU2;20/11/1998;20.00;30.00;25.00;-999.00;-999.00;60.00;0.00;1.00;10.00;-999.00;-999.00
SHIZU2;21/11/1998;20.00;30.00;25.00;-999.00;-999.00;60.00;15.00;1.00;10.00;-999.00;-999.00
SHIZU2;22/11/1998;20.00;30.00;25.00;-999.00;-999.00;60.00;0.00;1.00;10.00;-999.00;-999.00
SHIZU2;23/11/1998;20.00;30.00;25.00;-999.00;-999.00;60.00;0.00;1.00;10.00;-999.00;-999.00
SHIZU2;24/11/1998;20.00;30.00;25.00;-999.00;-999.00;60.00;0.00;1.00;10.00;-999.00;-999.00
SHIZU2;25/11/1998;20.00;30.00;25.00;-999.00;-999.00;60.00;0.00;1.00;10.00;-999.00;-999.00
SHIZU2;26/11/1998;20.00;30.00;25.00;-999.00;-999.00;60.00;15.00;1.00;10.00;-999.00;-999.00
SHIZU2;27/11/1998;20.00;30.00;25.00;-999.00;-999.00;60.00;0.00;1.00;10.00;-999.00;-999.00
SHIZU2;28/11/1998;20.00;30.00;25.00;-999.00;-999.00;60.00;0.00;1.00;10.00;-999.00;-999.00
SHIZU2;29/11/1998;20.00;30.00;25.00;-999.00;-999.00;60.00;0.00;1.00;10.00;-999.00;-999.00
SHIZU2;30/11/1998;20.00;30.00;25.00;-999.00;-999.00;60.00;0.00;1.00;10.00;-999.00;-999.00
SHIZU2;1/12/1998;20.00;30.00;25.00;-999.00;-999.00;60.00;15.00;1.00;10.00;-999.00;-999.00
SHIZU2;2/12/1998;20.00;30.00;25.00;-999.00;-999.00;60.00;0.00;1.00;10.00;-999.00;-999.00
SHIZU2;3/12/1998;20.00;30.00;25.00;-999.00;-999.00;60.00;0.00;1.00;10.00;-999.00;-999.00
SHIZU2;4/12/1998;20.00;30.00;25.00;-999.00;-999.00;60.00;0.00;1.00;10.00;-999.00;-999.00
SHIZU2;5/12/1998;20.00;30.00;25.00;-999.00;-999.00;60.00;0.00;1.00;10.00;-999.00;-999.00
SHIZU2;6/12/1998;20.00;30.00;25.00;-999.00;-999.00;60.00;15.00;1.00;10.00;-999.00;-999.00
SHIZU2;7/12/1998;20.00;30.00;25.00;-999.00;-999.00;60.00;0.00;1.00;10.00;-999.00;-999.00
SHIZU2;8/12/1998;20.00;30.00;25.00;-999.00;-999.00;60.00;0.00;1.00;10.00;-999.00;-999.00
SHIZU2;9/12/1998;20.00;30.00;25.00;-999.00;-999.00;60.00;0.00;1.00;10.00;-999.00;-999.00
SHIZU2;10/12/1998;20.00;30.00;25.00;-999.00;-999.00;60.00;0.00;1.00;10.00;-999.00;-999.00
SHIZU2;11/12/1998;20.00;30.00;25.00;-999.00;-999.00;60.00;15.00;1.00;10.00;-999.00;-999.00
SHIZU2;12/12/1998;20.00;30.00;25.00;-999.00;-999.00;60.00;0.00;1.00;10.00;-999.00;-999.00
SHIZU2;13/12/1998;20.00;30.00;25.00;-999.00;-999.00;60.00;0.00;1.00;10.00;-999.00;-999.00
SHIZU2;14/12/1998;20.00;30.00;25.00;-999.00;-999.00;60.00;0.00;1.00;10.00;-999.00;-999.00
SHIZU2;15/12/1998;20.00;30.00;25.00;-999.00;-999.00;60.00;0.00;1.00;10.00;-999.00;-999.00
SHIZU2;16/12/1998;20.00;30.00;25.00;-999.00;-999.00;60.00;15.00;1.00;10.00;-999.00;-999.00
SHIZU2;17/12/1998;20.00;30.00;25.00;-999.00;-999.00;60.00;0.00;1.00;10.00;-999.00;-999.00
SHIZU2;18/12/1998;20.00;30.00;25.00;-999.00;-999.00;60.00;0.00;1.00;10.00;-999.00;-999.00
SHIZU2;19/12/1998;20.00;30.00;25.00;-999.00;-999.00;60.00;0.00;1.00;10.00;-999.00;-999.00
SHIZU2;20/12/1998;20.00;30.00;25.00;-999.00;-999.00;60.00;0.00;1.00;10.00;-999.00;-999.00
SHIZU2;21/12/1998;20.00;30.00;25.00;-999.00;-999.00;60.00;15.00;1.00;10.00;-999.00;-999.00
SHIZU2;22/12/1998;20.00;30.00;25.00;-999.00;-999.00;60.00;0.00;1.00;10.00;-999.00;-999.00
SHIZU2;23/12/1998;20.00;30.00;25.00;-999.00;-999.00;60.00;0.00;1.00;10.00;-999.00;-999.00
SHIZU2;24/12/1998;20.00;30.00;25.00;-999.00;-999.00;60.00;0.00;1.00;10.00;-999.00;-999.00
SHIZU2;25/12/1998;20.00;30.00;25.00;-999.00;-999.00;60.00;0.00;1.00;10.00;-999.00;-999.00
SHIZU2;26/12/1998;20.00;30.00;25.00;-999.00;-999.00;60.00;15.00;1.00;10.00;-999.00;-999.00
SHIZU2;27/12/1998;20.00;30.00;25.00;-999.00;-999.00;60.00;0.00;1.00;10.00;-999.00;-999.00
SHIZU2;28/12/1998;20.00;30.00;25.00;-999.00;-999.00;60.00;0.00;1.00;10.00;-999.00;-999.00
SHIZU2;29/12/1998;20.00;30.00;25.00;-999.00;-999.00;60.00;0.00;1.00;10.00;-999.00;-999.00
SHIZU2;30/12/1998;20.00;30.00;25.00;-999.00;-999.00;60.00;0.00;1.00;10.00;-999.00;-999.00
SHIZU2;31/12/1998;20.00;30.00;25.00;-999.00;-999.00;60.00;15.00;1.00;10.00;-999.00;-999.00
SHIZU2;1/1/1999;20.00;30.00;25.00;-999.00;-999.00;60.00;0.00;1.00;10.00;-999.00;-999.00
SHIZU2;2/1/1999;20.00;30.00;25.00;-999.00;-999.00;60.00;0.00;1.00;10.00;-999.00;-999.00
SHIZU2;3/1/1999;20.00;30.00;25.00;-999.00;-999.00;60.00;0.00;1.00;10.00;-999.00;-999.00
SHIZU2;4/1/1999;20.00;30.00;25.00;-999.00;-999.00;60.00;0.00;1.00;10.00;-999.00;-999.00
SHIZU2;5/1/1999;20.00;30.00;25.00;-999.00;-999.00;60.00;15.00;1.00;10.00;-999.00;-999.00
SHIZU2;6/1/1999;20.00;30.00;25.00;-999.00;-999.00;60.00;0.00;1.00;10.00;-999.00;-999.00
SHIZU2;7/1/1999;20.00;30.00;25.00;-999.00;-999.00;60.00;0.00;1.00;10.00;-999.00;-999.00
SHIZU2;8/1/1999;20.00;30.00;25.00;-999.00;-999.00;60.00;0.00;1.00;10.00;-999.00;-999.00
SHIZU2;9/1/1999;20.00;30.00;25.00;-999.00;-999.00;60.00;0.00;1.00;10.00;-999.00;-999.00
SHIZU2;10/1/1999;20.00;30.00;25.00;-999.00;-999.00;60.00;15.00;1.00;10.00;-999.00;-999.00
SHIZU2;11/1/1999;20.00;30.00;25.00;-999.00;-999.00;60.00;0.00;1.00;10.00;-999.00;-999.00
SHIZU2;12/1/1999;20.00;30.00;25.00;-999.00;-999.00;60.00;0.00;1.00;10.00;-999.00;-999.00
SHIZU2;13/1/1999;20.00;30.00;25.00;-999.00;-999.00;60.00;0.00;1.00;10.00;-999.00;-999.00
SHIZU2;14/1/1999;20.00;30.00;25.00;-999.00;-999.00;60.00;0.00;1.00;10.00;-999.00;-999.00
SHIZU2;15/1/1999;20.00;30.00;25.00;-999.00;-999.00;60.00;15.00;1.00;10.00;-999.00;-999.00
SHIZU2;16/1/1999;20.00;30.00;25.00;-999.00;-999.00;60.00;0.00;1.00;10.00;-999.00;-999.00
SHIZU2;17/1/1999;20.00;30.00;25.00;-999.00;-999.00;60.00;0.00;1.00;10.00;-999.00;-999.00
SHIZU2;18/1/1999;20.00;30.00;25.00;-999.00;-999.00;60.00;0.00;1.00;10.00;-999.00;-999.00
SHIZU2;19/1/1999;20.00;30.00;25.00;-999.00;-999.00;60.00;0.00;1.00;10.00;-999.00;-999.00
SHIZU2;20/1/1999;20.00;30.00;25.00;-999.00;-999.00;60.00;15.00;1.00;10.00;-999.00;-999.00
SHIZU2;21/1/1999;20.00;30.00;25.00;-999.00;-999.00;60.00;0.00;1.00;10.00;-999.00;-999.00
SHIZU2;22/1/1999;20.00;30.00;25.00;-999.00;-999.00;60.00;0.00;1.00;10.00;-999.00;-999.00
SHIZU2;23/1/1999;20.00;30.00;25.00;-999.00;-999.00;60.00;0.00;1.00;10.00;-999.00;-999.00
SHIZU2;24/1/1999;20.00;30.00;25.00;-999.00;-999.00;60.00;0.00;1.00;10.00;-999.00;-999.00
SHIZU2;25/1/1999;20.00;30.00;25.00;-999.00;-999.00;60.00;15.00;1.00;10.00;-999.00;-999.00
SHIZU2;26/1/1999;20.00;30.00;25.00;-999.00;-999.00;60.00;0.00;1.00;10.00;-999.00;-999.00
SHIZU2;27/1/1999;20.00;30.00;25.00;-999.00;-999.00;60.00;0.00;1.00;10.00;-999.00;-999.00
SHIZU2;28/1/1999;20.00;30.00;25.00;-999.00;-999.00;60.00;0.00;1.00;10.00;-999.00;-999.00
SHIZU2;29/1/1999;20.00;30.00;25.00;-999.00;-999.00;60.00;0.00;1.00;10.00;-999.00;-999.00
SHIZU2;30/1/1999;20.00;30.00;25.00;-999.00;-999.00;60.00;15.00;1.00;10.00;-999.00;-999.00
SHIZU2;31/1/1999;20.00;30.00;25.00;-999.00;-999.00;60.00;0.00;1.00;10.00;-999.00;-999.00
SHIZU2;1/2/1999;20.00;30.00;25.00;-999.00;-999.00;60.00;0.00;1.00;10.00;-999.00;-999.00
SHIZU2;2/2/1999;20.00;30.00;25.00;-999.00;-999.00;60.00;0.00;1.00;10.00;-999.00;-999.00
SHIZU2;3/2/1999;20.00;30.00;25.00;-999.00;-999.00;60.00;0.00;1.00;10.00;-999.00;-999.00
SHIZU2;4/2/1999;20.00;30.00;25.00;-999.00;-999.00;60.00;15.00;1.00;10.00;-999.00;-999.00
SHIZU2;5/2/1999;20.00;30.00;25.00;-999.00;-999.00;60.00;0.00;1.00;10.00;-999.00;-999.00
SHIZU2;6/2/1999;20.00;30.00;25.00;-999.00;-999.00;60.00;0.00;1.00;10.00;-999.00;-999.00
SHIZU2;7/2/1999;20.00;30.00;25.00;-999.00;-999.00;60.00;0.00;1.00;10.00;-999.00;-999.00
SHIZU2;8/2/1999;20.00;30.00;25.00;-999.00;-999.00;60.00;0.00;1.00;10.00;-999.00;-999.00
SHIZU2;9/2/1999;20.00;30.00;25.00;-999.00;-999.00;60.00;15.00;1.00;10.00;-999.00;-999.00
SHIZU2;10/2/1999;20.00;30.00;25.00;-999.00;-999.00;60.00;0.00;1.00;10.00;-999.00;-999.00
SHIZU2;11/2/1999;20.00;30.00;25.00;-999.00;-999.00;60.00;0.00;1.00;10.00;-999.00;-999.00
SHIZU2;12/2/1999;20.00;30.00;25.00;-999.00;-999.00;60.00;0.00;1.00;10.00;-999.00;-999.00
SHIZU2;13/2/1999;20.00;30.00;25.00;-999.00;-999.00;60.00;0.00;1.00;10.00;-999.00;-999.00
SHIZU2;14/2/1999;20.00;30.00;25.00;-999.00;-999.00;60.00;15.00;1.00;10.00;-999.00;-999.00
SHIZU2;15/2/1999;20.00;30.00;25.00;-999.00;-999.00;60.00;0.00;1.00;10.00;-999.00;-999.00
SHIZU2;16/2/1999;20.00;30.00;25.00;-999.00;-999.00;60.00;0.00;1.00;10.00;-999.00;-999.00
SHIZU2;17/2/1999;20.00;30.00;25.00;-999.00;-999.00;60.00;0.00;1.00;10.00;-999.00;-999.00
SHIZU2;18/2/1999;20.00;30.00;25.00;-999.00;-999.00;60.00;0.00;1.00;10.00;-999.00;-999.00
SHIZU2;19/2/1999;20.00;30.00;25.00;-999.00;-999.00;60.00;15.00;1.00;10.00;-999.00;-999.00
SHIZU2;20/2/1999;20.00;30.00;25.00;-999.00;-999.00;60.00;0.00;1.00;10.00;-999.00;-999.00
SHIZU2;21/2/1999;20.00;30.00;25.00;-999.00;-999.00;60.00;0.00;1.00;10.00;-999.00;-999.00
SHIZU2;22/2/1999;20.00;30.00;25.00;-999.00;-999.00;60.00;0.00;1.00;10.00;-999.00;-999.00
SHIZU2;23/2/1999;20.00;30.00;25.00;-999.00;-999.00;60.00;0.00;1.00;10.00;-999.00;-999.00
SHIZU2;24/2/1999;20.00;30.00;25.00;-999.00;-999.00;60.00;15.00;1.00;10.00;-999.00;-999.00
SHIZU2;25/2/1999;20.00;30.00;25.00;-999.00;-999.00;60.00;0.00;1.00;10.00;-999.00;-999.00
SHIZU2;26/2/1999;20.00;30.00;25.00;-999.00;-999.00;60.00;0.00;1.00;10.00;-999.00;-999.00
SHIZU2;27/2/1999;20.00;30.00;25.00;-999.00;-999.00;60.00;0.00;1.00;10.00;-999.00;-999.00
SHIZU2;28/2/1999;20.00;30.00;25.00;-999.00;-999.00;60.00;0.00;1.00;10.00;-999.00;-999.00
SHIZU2;1/3/1999;20.00;30.00;25.00;-999.00;-999.00;60.00;15.00;1.00;10.00;-999.00;-999.00
SHIZU2;2/3/1999;20.00;30.00;25.00;-999.00;-999.00;60.00;0.00;1.00;10.00;-999.00;-999.00
SHIZU2;3/3/1999;20.00;30.00;25.00;-999.00;-999.00;60.00;0.00;1.00;10.00;-999.00;-999.00
SHIZU2;4/3/1999;20.00;30.00;25.00;-999.00;-999.00;60.00;0.00;1.00;10.00;-999.00;-999.00
SHIZU2;5/3/1999;20.00;30.00;25.00;-999.00;-999.00;60.00;0.00;1.00;10.00;-999.00;-999.00
SHIZU2;6/3/1999;20.00;30.00;25.00;-999.00;-999.00;60.00;15.00;1.00;10.00;-999.00;-999.00
SHIZU2;7/3/1999;20.00;30.00;25.00;-999.00;-999.00;60.00;0.00;1.00;10.00;-999.00;-999.00
SHIZU2;8/3/1999;20.00;30.00;25.00;-999.00;-999.00;60.00;0.00;1.00;10.00;-999.00;-999.00
SHIZU2;9/3/1999;20.00;30.00;25.00;-999.00;-999.00;60.00;0.00;1.00;10.00;-999.00;-999.00
SHIZU2;10/3/1999;20.00;30.00;25.00;-999.00;-999.00;60.00;0.00;1.00;10.00;-999.00;-999.00
SHIZU2;11/3/1999;20.00;30.00;25.00;-999.00;-999.00;60.00;15.00;1.00;10.00;-999.00;-999.00
SHIZU2;12/3/1999;20.00;30.00;25.00;-999.00;-999.00;60.00;0.00;1.00;10.00;-999.00;-999.00
SHIZU2;13/3/1999;20.00;30.00;25.00;-999.00;-999.00;60.00;0.00;1.00;10.00;-999.00;-999.00
SHIZU2;14/3/1999;20.00;30.00;25.00;-999.00;-999.00;60.00;0.00;1.00;10.00;-999.00;-999.00
SHIZU2;15/3/1999;20.00;30.00;25.00;-999.00;-999.00;60.00;0.00;1.00;10.00;-999.00;-999.00
SHIZU2;16/3/1999;20.00;30.00;25.00;-999.00;-999.00;60.00;15.00;1.00;10.00;-999.00;-999.00
SHIZU2;17/3/1999;20.00;30.00;25.00;-999.00;-999.00;60.00;0.00;1.00;10.00;-999.00;-999.00
SHIZU2;18/3/1999;20.00;30.00;25.00;-999.00;-999.00;60.00;0.00;1.00;10.00;-999.00;-999.00
SHIZU2;19/3/1999;20.00;30.00;25.00;-999.00;-999.00;60.00;0.00;1.00;10.00;-999.00;-999.00
SHIZU2;20/3/1999;20.00;30.00;25.00;-999.00;-999.00;60.00;0.00;1.00;10.00;-999.00;-999.00
SHIZU2;21/3/1999;20.00;30.00;25.00;-999.00;-999.00;60.00;15.00;1.00;10.00;-999.00;-999.00
SHIZU2;22/3/1999;20.00;30.00;25.00;-999.00;-999.00;60.00;0.00;1.00;10.00;-999.00;-999.00
SHIZU2;23/3/1999;20.00;30.00;25.00;-999.00;-999.00;60.00;0.00;1.00;10.00;-999.00;-999.00
SHIZU2;24/3/1999;20.00;30.00;25.00;-999.00;-999.00;60.00;0.00;1.00;10.00;-999.00;-999.00
SHIZU2;25/3/1999;20.00;30.00;25.00;-999.00;-999.00;60.00;0.00;1.00;10.00;-999.00;-999.00
SHIZU2;26/3/1999;20.00;30.00;25.00;-999.00;-999.00;60.00;15.00;1.00;10.00;-999.00;-999.00
SHIZU2;27/3/1999;20.00;30.00;25.00;-999.00;-999.00;60.00;0.00;1.00;10.00;-999.00;-999.00
SHIZU2;28/3/1999;20.00;30.00;25.00;-999.00;-999.00;60.00;0.00;1.00;10.00;-999.00;-999.00
SHIZU2;29/3/1999;20.00;30.00;25.00;-999.00;-999.00;60.00;0.00;1.00;10.00;-999.00;-999.00
SHIZU2;30/3/1999;20.00;30.00;25.00;-999.00;-999.00;60.00;0.00;1.00;10.00;-999.00;-999.00
SHIZU2;31/3/1999;20.00;30.00;25.00;-999.00;-999.00;60.00;15.00;1.00;10.00;-999.00;-999.00
SHIZU2;1/4/1999;20.00;30.00;25.00;-999.00;-999.00;60.00;0.00;1.00;10.00;-999.00;-999.00
SHIZU2;2/4/1999;20.00;30.00;25.00;-999.00;-999.00;60.00;0.00;1.00;10.00;-999.00;-999.00
SHIZU2;3/4/1999;20.00;30.00;25.00;-999.00;-999.00;60.00;0.00;1.00;10.00;-999.00;-999.00
SHIZU2;4/4/1999;20.00;30.00;25.00;-999.00;-999.00;60.00;0.00;1.00;10.00;-999.00;-999.00
SHIZU2;5/4/1999;20.00;30.00;25.00;-999.00;-999.00;60.00;15.00;1.00;10.00;-999.00;-999.00
SHIZU2;6/4/1999;20.00;30.00;25.00;-999.00;-999.00;60.00;0.00;1.00;10.00;-999.00;-999.00
SHIZU2;7/4/1999;20.00;30.00;25.00;-999.00;-999.00;60.00;0.00;1.00;10.00;-999.00;-999.00
SHIZU2;8/4/1999;20.00;30.00;25.00;-999.00;-999.00;60.00;0.00;1.00;10.00;-999.00;-999.00
SHIZU2;9/4/1999;20.00;30.00;25.00;-999.00;-999.00;60.00;0.00;1.00;10.00;-999.00;-999.00
SHIZU2;10/4/1999;20.00;30.00;25.00;-999.00;-999.00;60.00;15.00;1.00;10.00;-999.00;-999.00
SHIZU2;11/4/1999;20.00;30.00;25.00;-999.00;-999.00;60.00;0.00;1.00;10.00;-999.00;-999.00
SHIZU2;12/4/1999;20.00;30.00;25.00;-999.00;-999.00;60.00;0.00;1.00;10.00;-999.00;-999.00
SHIZU2;13/4/1999;20.00;30.00;25.00;-999.00;-999.00;60.00;0.00;1.00;10.00;-999.00;-999.00
SHIZU2;14/4/1999;20.00;30.00;25.00;-999.00;-999.00;60.00;0.00;1.00;10.00;-999.00;-999.00
SHIZU2;15/4/1999;20.00;30.00;25.00;-999.00;-999.00;60.00;15.00;1.00;10.00;-999.00;-999.00
SHIZU2;16/4/1999;20.00;30.00;25.00;-999.00;-999.00;60.00;0.00;1.00;10.00;-999.00;-999.00
SHIZU2;17/4/1999;20.00;30.00;25.00;-999.00;-999.00;60.00;0.00;1.00;10.00;-999.00;-999.00
SHIZU2;18/4/1999;20.00;30.00;25.00;-999.00;-999.00;60.00;0.00;1.00;10.00;-999.00;-999.00
SHIZU2;19/4/1999;20.00;30.00;25.00;-999.00;-999.00;60.00;0.00;1.00;10.00;-999.00;-999.00
SHIZU2;20/4/1999;20.00;30.00;25.00;-999.00;-999.00;60.00;15.00;1.00;10.00;-999.00;-999.00
SHIZU2;21/4/1999;20.00;30.00;25.00;-999.00;-999.00;60.00;0.00;1.00;10.00;-999.00;-999.00
SHIZU2;22/4/1999;20.00;30.00;25.00;-999.00;-999.00;60.00;0.00;1.00;10.00;-999.00;-999.00
SHIZU2;23/4/1999;20.00;30.00;25.00;-999.00;-999.00;60.00;0.00;1.00;10.00;-999.00;-999.00
SHIZU2;24/4/1999;20.00;30.00;25.00;-999.00;-999.00;60.00;0.00;1.00;10.00;-999.00;-999.00
SHIZU2;25/4/1999;20.00;30.00;25.00;-999.00;-999.00;60.00;15.00;1.00;10.00;-999.00;-999.00
SHIZU2;26/4/1999;20.00;30.00;25.00;-999.00;-999.00;60.00;0.00;1.00;10.00;-999.00;-999.00
SHIZU2;27/4/1999;20.00;30.00;25.00;-999.00;-999.00;60.00;0.00;1.00;10.00;-999.00;-999.00
SHIZU2;28/4/1999;20.00;30.00;25.00;-999.00;-999.00;60.00;0.00;1.00;10.00;-999.00;-999.00
SHIZU2;29/4/1999;20.00;30.00;25.00;-999.00;-999.00;60.00;0.00;1.00;10.00;-999.00;-999.00
SHIZU2;30/4/1999;20.00;30.00;25.00;-999.00;-999.00;60.00;15.00;1.00;10.00;-999.00;-999.00
SHIZU2;1/5/1999;20.00;30.00;25.00;-999.00;-999.00;60.00;0.00;1.00;10.00;-999.00;-999.00
SHIZU2;2/5/1999;20.00;30.00;25.00;-999.00;-999.00;60.00;0.00;1.00;10.00;-999.00;-999.00
SHIZU2;3/5/1999;20.00;30.00;25.00;-999.00;-999.00;60.00;0.00;1.00;10.00;-999.00;-999.00
SHIZU2;4/5/1999;20.00;30.00;25.00;-999.00;-999.00;60.00;0.00;1.00;10.00;-999.00;-999.00
SHIZU2;5/5/1999;20.00;30.00;25.00;-999.00;-999.00;60.00;15.00;1.00;10.00;-999.00;-999.00
SHIZU2;6/5/1999;20.00;30.00;25.00;-999.00;-999.00;60.00;0.00;1.00;10.00;-999.00;-999.00
SHIZU2;7/5/1999;20.00;30.00;25.00;-999.00;-999.00;60.00;0.00;1.00;10.00;-999.00;-999.00
SHIZU2;8/5/1999;20.00;30.00;25.00;-999.00;-999.00;60.00;0.00;1.00;10.00;-999.00;-999.00
SHIZU2;9/5/1999;20.00;30.00;25.00;-999.00;-999.00;60.00;0.00;1.00;10.00;-999.00;-999.00
SHIZU2;10/5/1999;20.00;30.00;25.00;-999.00;-999.00;60.00;15.00;1.00;10.00;-999.00;-999.00
SHIZU2;11/5/1999;20.00;30.00;25.00;-999.00;-999.00;60.00;0.00;1.00;10.00;-999.00;-999.00
SHIZU2;12/5/1999;20.00;30.00;25.00;-999.00;-999.00;60.00;0.00;1.00;10.00;-999.00;-999.00
SHIZU2;13/5/1999;20.00;30.00;25.00;-999.00;-999.00;60.00;0.00;1.00;10.00;-999.00;-999.00
SHIZU2;14/5/1999;20.00;30.00;25.00;-999.00;-999.00;60.00;0.00;1.00;10.00;-999.00;-999.00
SHIZU2;15/5/1999;20.00;30.00;25.00;-999.00;-999.00;60.00;15.00;1.00;10.00;-999.00;-999.00
SHIZU2;16/5/1999;20.00;30.00;25.00;-999.00;-999.00;60.00;0.00;1.00;10.00;-999.00;-999.00
SHIZU2;17/5/1999;20.00;30.00;25.00;-999.00;-999.00;60.00;0.00;1.00;10.00;-999.00;-999.00
SHIZU2;18/5/1999;20.00;30.00;25.00;-999.00;-999.00;60.00;0.00;1.00;10.00;-999.00;-999.00
SHIZU2;19/5/1999;20.00;30.00;25.00;-999.00;-999.00;60.00;0.00;1.00;10.00;-999.00;-999.00
SHIZU2;20/5/1999;12.80;17.60;15.20;-999.00;-999.00;69.20;6.00;4.93;11.31;-999.00;-999.00
SHIZU2;21/5/1999;10.70;19.10;14.90;-999.00;-999.00;53.50;1.20;4.49;22.86;-999.00;-999.00
SHIZU2;22/5/1999;6.30;26.00;16.15;-999.00;-999.00;40.50;0.00;2.20;31.20;-999.00;-999.00
SHIZU2;23/5/1999;5.30;26.90;16.10;-999.00;-999.00;53.30;0.00;1.94;29.11;-999.00;-999.00
SHIZU2;24/5/1999;6.30;24.70;15.50;-999.00;-999.00;60.00;4.50;1.15;17.44;-999.00;-999.00
SHIZU2;25/5/1999;11.60;17.20;14.40;-999.00;-999.00;85.80;28.60;2.11;2.91;-999.00;-999.00
SHIZU2;26/5/1999;10.70;23.80;17.25;-999.00;-999.00;64.60;0.00;1.94;23.35;-999.00;-999.00
SHIZU2;27/5/1999;13.60;18.20;15.90;-999.00;-999.00;85.30;36.00;1.76;3.44;-999.00;-999.00
SHIZU2;28/5/1999;12.10;20.30;16.20;-999.00;-999.00;76.50;4.10;2.38;10.46;-999.00;-999.00
SHIZU2;29/5/1999;7.00;18.50;12.75;-999.00;-999.00;60.40;0.00;2.82;16.13;-999.00;-999.00
SHIZU2;30/5/1999;5.90;20.70;13.30;-999.00;-999.00;65.30;0.90;2.20;26.81;-999.00;-999.00
SHIZU2;31/5/1999;4.70;25.40;15.05;-999.00;-999.00;54.30;0.00;1.32;30.26;-999.00;-999.00
SHIZU2;1/6/1999;6.50;29.80;18.15;-999.00;-999.00;54.00;0.00;0.97;29.17;-999.00;-999.00
SHIZU2;2/6/1999;10.80;26.00;18.40;-999.00;-999.00;54.00;0.00;1.94;24.27;-999.00;-999.00
SHIZU2;3/6/1999;14.00;25.20;19.60;-999.00;-999.00;64.50;0.00;1.94;20.98;-999.00;-999.00
SHIZU2;4/6/1999;12.80;23.60;18.20;-999.00;-999.00;77.00;0.00;0.71;12.09;-999.00;-999.00
SHIZU2;5/6/1999;13.00;26.10;19.55;-999.00;-999.00;68.40;0.00;2.20;23.94;-999.00;-999.00
SHIZU2;6/6/1999;10.40;26.00;18.20;-999.00;-999.00;61.80;0.00;1.32;23.93;-999.00;-999.00
SHIZU2;7/6/1999;14.30;18.00;16.15;-999.00;-999.00;91.80;12.00;1.15;5.13;-999.00;-999.00
SHIZU2;8/6/1999;12.00;19.80;15.90;-999.00;-999.00;70.90;0.20;2.73;25.82;-999.00;-999.00
SHIZU2;9/6/1999;8.90;20.70;14.80;-999.00;-999.00;72.00;9.50;2.20;29.66;-999.00;-999.00
SHIZU2;10/6/1999;5.90;25.90;15.90;-999.00;-999.00;54.10;0.00;1.15;31.08;-999.00;-999.00
SHIZU2;11/6/1999;10.60;24.20;17.40;-999.00;-999.00;76.60;0.00;1.15;17.22;-999.00;-999.00
SHIZU2;12/6/1999;12.80;27.10;19.95;-999.00;-999.00;67.60;0.00;1.76;27.65;-999.00;-999.00
SHIZU2;13/6/1999;11.40;28.30;19.85;-999.00;-999.00;62.20;0.00;2.03;27.53;-999.00;-999.00
SHIZU2;14/6/1999;13.50;29.10;21.30;-999.00;-999.00;57.80;0.00;1.85;25.48;-999.00;-999.00
SHIZU2;15/6/1999;13.80;29.70;21.75;-999.00;-999.00;68.80;0.00;1.59;20.29;-999.00;-999.00
SHIZU2;16/6/1999;15.70;22.70;19.20;-999.00;-999.00;88.10;5.60;1.94;4.62;-999.00;-999.00
SHIZU2;17/6/1999;15.30;19.60;17.45;-999.00;-999.00;74.30;1.90;2.38;11.98;-999.00;-999.00
SHIZU2;18/6/1999;13.50;22.00;17.75;-999.00;-999.00;68.70;0.00;1.94;16.68;-999.00;-999.00
SHIZU2;19/6/1999;13.00;24.40;18.70;-999.00;-999.00;66.20;0.00;1.15;20.08;-999.00;-999.00
SHIZU2;20/6/1999;12.50;24.40;18.45;-999.00;-999.00;73.10;0.00;0.88;19.83;-999.00;-999.00
SHIZU2;21/6/1999;11.90;26.50;19.20;-999.00;-999.00;62.40;0.00;1.06;26.16;-999.00;-999.00
SHIZU2;22/6/1999;13.10;22.80;17.95;-999.00;-999.00;72.80;0.00;1.50;18.93;-999.00;-999.00
SHIZU2;23/6/1999;16.30;27.70;22.00;-999.00;-999.00;70.20;0.00;1.41;22.88;-999.00;-999.00
SHIZU2;24/6/1999;16.90;25.50;21.20;-999.00;-999.00;89.80;62.70;2.20;2.77;-999.00;-999.00
SHIZU2;25/6/1999;14.70;22.60;18.65;-999.00;-999.00;74.60;0.10;2.64;16.25;-999.00;-999.00
SHIZU2;26/6/1999;12.20;27.30;19.75;-999.00;-999.00;71.00;0.00;1.32;26.33;-999.00;-999.00
SHIZU2;27/6/1999;17.10;20.60;18.85;-999.00;-999.00;90.10;15.20;0.71;3.43;-999.00;-999.00
SHIZU2;28/6/1999;15.30;27.80;21.55;-999.00;-999.00;70.70;0.10;1.67;29.74;-999.00;-999.00
SHIZU2;29/6/1999;16.60;21.90;19.25;-999.00;-999.00;72.80;0.00;2.03;12.08;-999.00;-999.00
SHIZU2;30/6/1999;15.00;17.10;16.05;-999.00;-999.00;92.40;38.90;0.97;2.38;-999.00;-999.00
SHIZU2;1/7/1999;15.40;24.20;19.80;-999.00;-999.00;83.40;1.00;0.79;11.60;-999.00;-999.00
SHIZU2;2/7/1999;16.70;22.10;19.40;-999.00;-999.00;82.20;0.00;1.15;11.09;-999.00;-999.00
SHIZU2;3/7/1999;16.60;22.60;19.60;-999.00;-999.00;96.90;7.50;0.26;6.06;-999.00;-999.00
SHIZU2;4/7/1999;17.10;22.50;19.80;-999.00;-999.00;87.40;0.40;2.20;10.85;-999.00;-999.00
SHIZU2;5/7/1999;15.10;24.00;19.55;-999.00;-999.00;86.90;12.20;0.79;12.48;-999.00;-999.00
SHIZU2;6/7/1999;14.70;26.50;20.60;-999.00;-999.00;72.80;0.00;0.97;25.84;-999.00;-999.00
SHIZU2;7/7/1999;15.20;26.10;20.65;-999.00;-999.00;73.70;0.00;1.50;22.91;-999.00;-999.00
SHIZU2;8/7/1999;15.00;25.20;20.10;-999.00;-999.00;70.50;0.00;1.67;21.79;-999.00;-999.00
SHIZU2;9/7/1999;12.30;24.20;18.25;-999.00;-999.00;64.20;0.00;1.50;25.80;-999.00;-999.00
SHIZU2;10/7/1999;11.80;26.40;19.10;-999.00;-999.00;66.30;0.00;2.20;27.90;-999.00;-999.00
SHIZU2;11/7/1999;17.50;28.10;22.80;-999.00;-999.00;77.10;4.00;0.79;14.90;-999.00;-999.00
SHIZU2;12/7/1999;18.50;28.00;23.25;-999.00;-999.00;79.10;16.60;0.88;12.84;-999.00;-999.00
SHIZU2;13/7/1999;20.30;24.80;22.55;-999.00;-999.00;92.80;34.40;1.23;6.82;-999.00;-999.00
SHIZU2;14/7/1999;21.60;29.80;25.70;-999.00;-999.00;85.90;14.30;1.41;18.06;-999.00;-999.00
SHIZU2;15/7/1999;23.00;26.50;24.75;-999.00;-999.00;90.60;6.40;1.15;5.75;-999.00;-999.00
SHIZU2;16/7/1999;21.20;27.90;24.55;-999.00;-999.00;85.80;2.50;1.67;13.12;-999.00;-999.00
SHIZU2;17/7/1999;20.90;30.00;25.45;-999.00;-999.00;82.60;8.50;0.79;16.39;-999.00;-999.00
SHIZU2;18/7/1999;20.10;26.20;23.15;-999.00;-999.00;89.90;1.20;0.71;7.71;-999.00;-999.00
SHIZU2;19/7/1999;18.80;27.30;23.05;-999.00;-999.00;84.50;0.40;0.79;14.27;-999.00;-999.00
SHIZU2;20/7/1999;18.80;27.10;22.95;-999.00;-999.00;80.10;0.00;1.06;16.95;-999.00;-999.00
SHIZU2;21/7/1999;21.20;29.40;25.30;-999.00;-999.00;77.20;0.00;1.85;14.74;-999.00;-999.00
SHIZU2;22/7/1999;19.40;30.80;25.10;-999.00;-999.00;74.70;7.00;1.76;22.29;-999.00;-999.00
SHIZU2;23/7/1999;22.70;31.50;27.10;-999.00;-999.00;83.60;8.00;0.97;13.59;-999.00;-999.00
SHIZU2;24/7/1999;20.20;27.00;23.60;-999.00;-999.00;84.00;13.30;1.76;8.21;-999.00;-999.00
SHIZU2;25/7/1999;18.70;29.80;24.25;-999.00;-999.00;84.40;3.50;1.32;15.89;-999.00;-999.00
SHIZU2;26/7/1999;20.10;31.70;25.90;-999.00;-999.00;72.90;0.00;1.94;26.68;-999.00;-999.00
SHIZU2;27/7/1999;18.80;35.30;27.05;-999.00;-999.00;73.40;0.00;0.88;27.07;-999.00;-999.00
SHIZU2;28/7/1999;21.90;33.20;27.55;-999.00;-999.00;78.70;0.00;0.97;19.93;-999.00;-999.00
SHIZU2;29/7/1999;22.20;30.30;26.25;-999.00;-999.00;82.70;0.20;0.79;11.43;-999.00;-999.00
SHIZU2;30/7/1999;21.60;31.60;26.60;-999.00;-999.00;74.70;4.70;1.67;22.82;-999.00;-999.00
SHIZU2;31/7/1999;19.10;32.40;25.75;-999.00;-999.00;70.50;0.00;1.94;23.00;-999.00;-999.00
SHIZU2;1/8/1999;18.00;33.80;25.90;-999.00;-999.00;70.30;0.00;1.23;26.78;-999.00;-999.00
SHIZU2;2/8/1999;19.10;32.40;25.75;-999.00;-999.00;77.40;0.00;1.06;22.04;-999.00;-999.00
SHIZU2;3/8/1999;23.20;31.70;27.45;-999.00;-999.00;75.40;0.00;1.32;18.75;-999.00;-999.00
SHIZU2;4/8/1999;23.00;32.20;27.60;-999.00;-999.00;71.50;0.00;1.50;24.29;-999.00;-999.00
SHIZU2;5/8/1999;23.60;31.30;27.45;-999.00;-999.00;72.90;0.00;1.67;20.56;-999.00;-999.00
SHIZU2;6/8/1999;23.60;30.80;27.20;-999.00;-999.00;72.50;0.00;1.76;18.37;-999.00;-999.00
SHIZU2;7/8/1999;23.70;31.30;27.50;-999.00;-999.00;71.80;0.00;1.32;19.01;-999.00;-999.00
SHIZU2;8/8/1999;21.00;33.00;27.00;-999.00;-999.00;71.20;0.00;1.15;23.25;-999.00;-999.00
SHIZU2;9/8/1999;20.20;33.90;27.05;-999.00;-999.00;74.70;0.00;0.79;22.59;-999.00;-999.00
SHIZU2;10/8/1999;17.80;34.30;26.05;-999.00;-999.00;71.40;0.00;0.88;27.00;-999.00;-999.00
SHIZU2;11/8/1999;21.70;35.20;28.45;-999.00;-999.00;74.00;0.00;0.88;23.99;-999.00;-999.00
SHIZU2;12/8/1999;23.50;33.20;28.35;-999.00;-999.00;71.20;0.00;1.41;20.99;-999.00;-999.00
SHIZU2;13/8/1999;22.30;30.50;26.40;-999.00;-999.00;74.80;0.50;1.15;9.77;-999.00;-999.00
SHIZU2;14/8/1999;20.00;26.40;23.20;-999.00;-999.00;72.60;0.00;0.88;10.93;-999.00;-999.00
SHIZU2;15/8/1999;19.60;26.30;22.95;-999.00;-999.00;82.50;0.60;0.26;7.75;-999.00;-999.00
SHIZU2;16/8/1999;22.20;31.60;26.90;-999.00;-999.00;76.80;0.00;1.06;16.18;-999.00;-999.00
SHIZU2;17/8/1999;21.40;31.30;26.35;-999.00;-999.00;77.10;0.40;1.76;14.04;-999.00;-999.00
SHIZU2;18/8/1999;21.00;34.60;27.80;-999.00;-999.00;67.50;0.10;1.59;23.58;-999.00;-999.00
SHIZU2;19/8/1999;20.70;31.60;26.15;-999.00;-999.00;76.40;0.00;0.88;14.23;-999.00;-999.00
SHIZU2;20/8/1999;23.10;31.60;27.35;-999.00;-999.00;78.10;10.70;1.06;15.29;-999.00;-999.00
SHIZU2;21/8/1999;22.00;31.90;26.95;-999.00;-999.00;77.50;1.50;0.88;14.49;-999.00;-999.00
SHIZU2;22/8/1999;21.70;29.90;25.80;-999.00;-999.00;85.70;2.20;0.44;13.05;-999.00;-999.00
SHIZU2;23/8/1999;22.00;27.90;24.95;-999.00;-999.00;86.00;1.00;0.44;8.13;-999.00;-999.00
SHIZU2;24/8/1999;19.80;21.80;20.80;-999.00;-999.00;92.20;38.60;0.26;1.60;-999.00;-999.00
SHIZU2;25/8/1999;18.20;24.30;21.25;-999.00;-999.00;85.80;6.90;1.15;9.45;-999.00;-999.00
SHIZU2;26/8/1999;18.60;25.90;22.25;-999.00;-999.00;84.00;0.10;0.88;12.02;-999.00;-999.00
SHIZU2;27/8/1999;17.30;24.60;20.95;-999.00;-999.00;89.90;3.40;0.44;8.86;-999.00;-999.00
SHIZU2;28/8/1999;16.10;23.20;19.65;-999.00;-999.00;88.30;26.00;0.44;6.53;-999.00;-999.00
SHIZU2;29/8/1999;18.00;21.50;19.75;-999.00;-999.00;94.10;26.90;0.26;5.18;-999.00;-999.00
SHIZU2;30/8/1999;18.30;23.60;20.95;-999.00;-999.00;87.70;0.60;0.26;7.23;-999.00;-999.00
SHIZU2;31/8/1999;19.40;25.60;22.50;-999.00;-999.00;97.10;28.50;0.26;3.57;-999.00;-999.00
SHIZU2;1/9/1999;18.30;23.70;21.00;-999.00;-999.00;96.70;20.10;0.53;3.03;-999.00;-999.00
SHIZU2;2/9/1999;14.50;26.90;20.70;-999.00;-999.00;76.50;0.00;1.41;18.90;-999.00;-999.00
SHIZU2;3/9/1999;12.10;28.00;20.05;-999.00;-999.00;71.00;0.10;0.71;23.76;-999.00;-999.00
SHIZU2;4/9/1999;13.50;30.10;21.80;-999.00;-999.00;76.90;0.00;0.71;21.96;-999.00;-999.00
SHIZU2;5/9/1999;12.80;30.10;21.45;-999.00;-999.00;79.40;0.00;1.06;18.67;-999.00;-999.00
SHIZU2;6/9/1999;15.90;23.30;19.60;-999.00;-999.00;88.10;5.80;0.35;5.34;-999.00;-999.00
SHIZU2;7/9/1999;18.90;25.60;22.25;-999.00;-999.00;91.80;7.10;0.62;6.22;-999.00;-999.00
SHIZU2;8/9/1999;19.80;24.40;22.10;-999.00;-999.00;96.90;15.00;0.53;5.62;-999.00;-999.00
SHIZU2;9/9/1999;17.50;28.30;22.90;-999.00;-999.00;76.60;0.00;1.76;20.69;-999.00;-999.00
SHIZU2;10/9/1999;15.90;30.20;23.05;-999.00;-999.00;78.70;0.00;0.71;18.53;-999.00;-999.00
SHIZU2;11/9/1999;19.80;23.90;21.85;-999.00;-999.00;93.20;10.10;0.53;3.90;-999.00;-999.00
SHIZU2;12/9/1999;19.70;26.50;23.10;-999.00;-999.00;78.20;7.20;1.94;5.73;-999.00;-999.00
SHIZU2;13/9/1999;19.40;25.80;22.60;-999.00;-999.00;92.50;1.30;0.35;8.30;-999.00;-999.00
SHIZU2;14/9/1999;16.40;24.40;20.40;-999.00;-999.00;89.50;9.00;0.53;15.89;-999.00;-999.00
SHIZU2;15/9/1999;13.30;17.90;15.60;-999.00;-999.00;98.50;50.00;0.44;12.58;-999.00;-999.00
SHIZU2;16/9/1999;11.60;21.20;16.40;-999.00;-999.00;92.50;0.00;0.35;11.32;-999.00;-999.00
SHIZU2;17/9/1999;13.50;21.50;17.50;-999.00;-999.00;89.10;0.00;0.44;11.86;-999.00;-999.00
SHIZU2;18/9/1999;15.00;19.30;17.15;-999.00;-999.00;92.20;1.40;0.35;3.24;-999.00;-999.00
SHIZU2;19/9/1999;16.90;20.90;18.90;-999.00;-999.00;96.30;2.30;0.09;4.10;-999.00;-999.00
SHIZU2;20/9/1999;17.10;24.30;20.70;-999.00;-999.00;92.90;12.40;0.88;6.56;-999.00;-999.00
SHIZU2;21/9/1999;14.70;18.60;16.65;-999.00;-999.00;87.40;21.90;0.88;4.83;-999.00;-999.00
SHIZU2;22/9/1999;13.00;15.60;14.30;-999.00;-999.00;91.40;25.70;0.71;3.12;-999.00;-999.00
SHIZU2;23/9/1999;13.00;21.40;17.20;-999.00;-999.00;86.20;0.20;0.35;9.34;-999.00;-999.00
SHIZU2;24/9/1999;16.90;30.80;23.85;-999.00;-999.00;77.50;1.30;1.32;19.41;-999.00;-999.00
SHIZU2;25/9/1999;15.20;26.00;20.60;-999.00;-999.00;76.70;7.90;2.73;9.79;-999.00;-999.00
SHIZU2;26/9/1999;9.80;22.10;15.95;-999.00;-999.00;68.20;1.70;2.47;13.20;-999.00;-999.00
SHIZU2;27/9/1999;8.20;24.50;16.35;-999.00;-999.00;74.40;0.10;0.79;17.50;-999.00;-999.00
SHIZU2;28/9/1999;10.00;27.00;18.50;-999.00;-999.00;75.40;0.00;0.35;17.21;-999.00;-999.00
SHIZU2;29/9/1999;12.40;25.30;18.85;-999.00;-999.00;82.40;0.00;0.88;12.37;-999.00;-999.00
SHIZU2;30/9/1999;13.40;26.10;19.75;-999.00;-999.00;79.20;0.00;1.67;13.42;-999.00;-999.00
SHIZU2;1/10/1999;20.00;30.00;25.00;-999.00;-999.00;60.00;0.00;1.00;10.00;-999.00;-999.00
SHIZU2;2/10/1999;20.00;30.00;25.00;-999.00;-999.00;60.00;0.00;1.00;10.00;-999.00;-999.00
SHIZU2;3/10/1999;20.00;30.00;25.00;-999.00;-999.00;60.00;0.00;1.00;10.00;-999.00;-999.00
SHIZU2;4/10/1999;20.00;30.00;25.00;-999.00;-999.00;60.00;15.00;1.00;10.00;-999.00;-999.00
SHIZU2;5/10/1999;20.00;30.00;25.00;-999.00;-999.00;60.00;0.00;1.00;10.00;-999.00;-999.00
SHIZU2;6/10/1999;20.00;30.00;25.00;-999.00;-999.00;60.00;0.00;1.00;10.00;-999.00;-999.00
SHIZU2;7/10/1999;20.00;30.00;25.00;-999.00;-999.00;60.00;0.00;1.00;10.00;-999.00;-999.00
SHIZU2;8/10/1999;20.00;30.00;25.00;-999.00;-999.00;60.00;0.00;1.00;10.00;-999.00;-999.00
SHIZU2;9/10/1999;20.00;30.00;25.00;-999.00;-999.00;60.00;15.00;1.00;10.00;-999.00;-999.00
SHIZU2;10/10/1999;20.00;30.00;25.00;-999.00;-999.00;60.00;0.00;1.00;10.00;-999.00;-999.00
SHIZU2;11/10/1999;20.00;30.00;25.00;-999.00;-999.00;60.00;0.00;1.00;10.00;-999.00;-999.00
SHIZU2;12/10/1999;20.00;30.00;25.00;-999.00;-999.00;60.00;0.00;1.00;10.00;-999.00;-999.00
SHIZU2;13/10/1999;20.00;30.00;25.00;-999.00;-999.00;60.00;0.00;1.00;10.00;-999.00;-999.00
SHIZU2;14/10/1999;20.00;30.00;25.00;-999.00;-999.00;60.00;15.00;1.00;10.00;-999.00;-999.00
SHIZU2;15/10/1999;20.00;30.00;25.00;-999.00;-999.00;60.00;0.00;1.00;10.00;-999.00;-999.00
SHIZU2;16/10/1999;20.00;30.00;25.00;-999.00;-999.00;60.00;0.00;1.00;10.00;-999.00;-999.00
SHIZU2;17/10/1999;20.00;30.00;25.00;-999.00;-999.00;60.00;0.00;1.00;10.00;-999.00;-999.00
SHIZU2;18/10/1999;20.00;30.00;25.00;-999.00;-999.00;60.00;0.00;1.00;10.00;-999.00;-999.00
SHIZU2;19/10/1999;20.00;30.00;25.00;-999.00;-999.00;60.00;15.00;1.00;10.00;-999.00;-999.00
SHIZU2;20/10/1999;20.00;30.00;25.00;-999.00;-999.00;60.00;0.00;1.00;10.00;-999.00;-999.00
SHIZU2;21/10/1999;20.00;30.00;25.00;-999.00;-999.00;60.00;0.00;1.00;10.00;-999.00;-999.00
SHIZU2;22/10/1999;20.00;30.00;25.00;-999.00;-999.00;60.00;0.00;1.00;10.00;-999.00;-999.00
SHIZU2;23/10/1999;20.00;30.00;25.00;-999.00;-999.00;60.00;0.00;1.00;10.00;-999.00;-999.00
SHIZU2;24/10/1999;20.00;30.00;25.00;-999.00;-999.00;60.00;15.00;1.00;10.00;-999.00;-999.00
SHIZU2;25/10/1999;20.00;30.00;25.00;-999.00;-999.00;60.00;0.00;1.00;10.00;-999.00;-999.00
SHIZU2;26/10/1999;20.00;30.00;25.00;-999.00;-999.00;60.00;0.00;1.00;10.00;-999.00;-999.00
SHIZU2;27/10/1999;20.00;30.00;25.00;-999.00;-999.00;60.00;0.00;1.00;10.00;-999.00;-999.00
SHIZU2;28/10/1999;20.00;30.00;25.00;-999.00;-999.00;60.00;0.00;1.00;10.00;-999.00;-999.00
SHIZU2;29/10/1999;20.00;30.00;25.00;-999.00;-999.00;60.00;15.00;1.00;10.00;-999.00;-999.00
SHIZU2;30/10/1999;20.00;30.00;25.00;-999.00;-999.00;60.00;0.00;1.00;10.00;-999.00;-999.00
SHIZU2;31/10/1999;20.00;30.00;25.00;-999.00;-999.00;60.00;0.00;1.00;10.00;-999.00;-999.00
SHIZU2;1/11/1999;20.00;30.00;25.00;-999.00;-999.00;60.00;0.00;1.00;10.00;-999.00;-999.00
SHIZU2;2/11/1999;20.00;30.00;25.00;-999.00;-999.00;60.00;0.00;1.00;10.00;-999.00;-999.00
SHIZU2;3/11/1999;20.00;30.00;25.00;-999.00;-999.00;60.00;15.00;1.00;10.00;-999.00;-999.00
SHIZU2;4/11/1999;20.00;30.00;25.00;-999.00;-999.00;60.00;0.00;1.00;10.00;-999.00;-999.00
SHIZU2;5/11/1999;20.00;30.00;25.00;-999.00;-999.00;60.00;0.00;1.00;10.00;-999.00;-999.00
SHIZU2;6/11/1999;20.00;30.00;25.00;-999.00;-999.00;60.00;0.00;1.00;10.00;-999.00;-999.00
SHIZU2;7/11/1999;20.00;30.00;25.00;-999.00;-999.00;60.00;0.00;1.00;10.00;-999.00;-999.00
SHIZU2;8/11/1999;20.00;30.00;25.00;-999.00;-999.00;60.00;15.00;1.00;10.00;-999.00;-999.00
SHIZU2;9/11/1999;20.00;30.00;25.00;-999.00;-999.00;60.00;0.00;1.00;10.00;-999.00;-999.00
SHIZU2;10/11/1999;20.00;30.00;25.00;-999.00;-999.00;60.00;0.00;1.00;10.00;-999.00;-999.00
SHIZU2;11/11/1999;20.00;30.00;25.00;-999.00;-999.00;60.00;0.00;1.00;10.00;-999.00;-999.00
SHIZU2;12/11/1999;20.00;30.00;25.00;-999.00;-999.00;60.00;0.00;1.00;10.00;-999.00;-999.00
SHIZU2;13/11/1999;20.00;30.00;25.00;-999.00;-999.00;60.00;15.00;1.00;10.00;-999.00;-999.00
SHIZU2;14/11/1999;20.00;30.00;25.00;-999.00;-999.00;60.00;0.00;1.00;10.00;-999.00;-999.00
SHIZU2;15/11/1999;20.00;30.00;25.00;-999.00;-999.00;60.00;0.00;1.00;10.00;-999.00;-999.00
SHIZU2;16/11/1999;20.00;30.00;25.00;-999.00;-999.00;60.00;0.00;1.00;10.00;-999.00;-999.00
SHIZU2;17/11/1999;20.00;30.00;25.00;-999.00;-999.00;60.00;0.00;1.00;10.00;-999.00;-999.00
SHIZU2;18/11/1999;20.00;30.00;25.00;-999.00;-999.00;60.00;15.00;1.00;10.00;-999.00;-999.00
SHIZU2;19/11/1999;20.00;30.00;25.00;-999.00;-999.00;60.00;0.00;1.00;10.00;-999.00;-999.00
SHIZU2;20/11/1999;20.00;30.00;25.00;-999.00;-999.00;60.00;0.00;1.00;10.00;-999.00;-999.00
SHIZU2;21/11/1999;20.00;30.00;25.00;-999.00;-999.00;60.00;0.00;1.00;10.00;-999.00;-999.00
SHIZU2;22/11/1999;20.00;30.00;25.00;-999.00;-999.00;60.00;0.00;1.00;10.00;-999.00;-999.00
SHIZU2;23/11/1999;20.00;30.00;25.00;-999.00;-999.00;60.00;15.00;1.00;10.00;-999.00;-999.00
SHIZU2;24/11/1999;20.00;30.00;25.00;-999.00;-999.00;60.00;0.00;1.00;10.00;-999.00;-999.00
SHIZU2;25/11/1999;20.00;30.00;25.00;-999.00;-999.00;60.00;0.00;1.00;10.00;-999.00;-999.00
SHIZU2;26/11/1999;20.00;30.00;25.00;-999.00;-999.00;60.00;0.00;1.00;10.00;-999.00;-999.00
SHIZU2;27/11/1999;20.00;30.00;25.00;-999.00;-999.00;60.00;0.00;1.00;10.00;-999.00;-999.00
SHIZU2;28/11/1999;20.00;30.00;25.00;-999.00;-999.00;60.00;15.00;1.00;10.00;-999.00;-999.00
SHIZU2;29/11/1999;20.00;30.00;25.00;-999.00;-999.00;60.00;0.00;1.00;10.00;-999.00;-999.00
SHIZU2;30/11/1999;20.00;30.00;25.00;-999.00;-999.00;60.00;0.00;1.00;10.00;-999.00;-999.00
SHIZU2;1/12/1999;20.00;30.00;25.00;-999.00;-999.00;60.00;0.00;1.00;10.00;-999.00;-999.00
SHIZU2;2/12/1999;20.00;30.00;25.00;-999.00;-999.00;60.00;0.00;1.00;10.00;-999.00;-999.00
SHIZU2;3/12/1999;20.00;30.00;25.00;-999.00;-999.00;60.00;15.00;1.00;10.00;-999.00;-999.00
SHIZU2;4/12/1999;20.00;30.00;25.00;-999.00;-999.00;60.00;0.00;1.00;10.00;-999.00;-999.00
SHIZU2;5/12/1999;20.00;30.00;25.00;-999.00;-999.00;60.00;0.00;1.00;10.00;-999.00;-999.00
SHIZU2;6/12/1999;20.00;30.00;25.00;-999.00;-999.00;60.00;0.00;1.00;10.00;-999.00;-999.00
SHIZU2;7/12/1999;20.00;30.00;25.00;-999.00;-999.00;60.00;0.00;1.00;10.00;-999.00;-999.00
SHIZU2;8/12/1999;20.00;30.00;25.00;-999.00;-999.00;60.00;15.00;1.00;10.00;-999.00;-999.00
SHIZU2;9/12/1999;20.00;30.00;25.00;-999.00;-999.00;60.00;0.00;1.00;10.00;-999.00;-999.00
SHIZU2;10/12/1999;20.00;30.00;25.00;-999.00;-999.00;60.00;0.00;1.00;10.00;-999.00;-999.00
SHIZU2;11/12/1999;20.00;30.00;25.00;-999.00;-999.00;60.00;0.00;1.00;10.00;-999.00;-999.00
SHIZU2;12/12/1999;20.00;30.00;25.00;-999.00;-999.00;60.00;0.00;1.00;10.00;-999.00;-999.00
SHIZU2;13/12/1999;20.00;30.00;25.00;-999.00;-999.00;60.00;15.00;1.00;10.00;-999.00;-999.00
SHIZU2;14/12/1999;20.00;30.00;25.00;-999.00;-999.00;60.00;0.00;1.00;10.00;-999.00;-999.00
SHIZU2;15/12/1999;20.00;30.00;25.00;-999.00;-999.00;60.00;0.00;1.00;10.00;-999.00;-999.00
SHIZU2;16/12/1999;20.00;30.00;25.00;-999.00;-999.00;60.00;0.00;1.00;10.00;-999.00;-999.00
SHIZU2;17/12/1999;20.00;30.00;25.00;-999.00;-999.00;60.00;0.00;1.00;10.00;-999.00;-999.00
SHIZU2;18/12/1999;20.00;30.00;25.00;-999.00;-999.00;60.00;15.00;1.00;10.00;-999.00;-999.00
SHIZU2;19/12/1999;20.00;30.00;25.00;-999.00;-999.00;60.00;0.00;1.00;10.00;-999.00;-999.00
SHIZU2;20/12/1999;20.00;30.00;25.00;-999.00;-999.00;60.00;0.00;1.00;10.00;-999.00;-999.00
SHIZU2;21/12/1999;20.00;30.00;25.00;-999.00;-999.00;60.00;0.00;1.00;10.00;-999.00;-999.00
SHIZU2;22/12/1999;20.00;30.00;25.00;-999.00;-999.00;60.00;0.00;1.00;10.00;-999.00;-999.00
SHIZU2;23/12/1999;20.00;30.00;25.00;-999.00;-999.00;60.00;15.00;1.00;10.00;-999.00;-999.00
SHIZU2;24/12/1999;20.00;30.00;25.00;-999.00;-999.00;60.00;0.00;1.00;10.00;-999.00;-999.00
SHIZU2;25/12/1999;20.00;30.00;25.00;-999.00;-999.00;60.00;0.00;1.00;10.00;-999.00;-999.00
SHIZU2;26/12/1999;20.00;30.00;25.00;-999.00;-999.00;60.00;0.00;1.00;10.00;-999.00;-999.00
SHIZU2;27/12/1999;20.00;30.00;25.00;-999.00;-999.00;60.00;0.00;1.00;10.00;-999.00;-999.00
SHIZU2;28/12/1999;20.00;30.00;25.00;-999.00;-999.00;60.00;15.00;1.00;10.00;-999.00;-999.00
SHIZU2;29/12/1999;20.00;30.00;25.00;-999.00;-999.00;60.00;0.00;1.00;10.00;-999.00;-999.00
SHIZU2;30/12/1999;20.00;30.00;25.00;-999.00;-999.00;60.00;0.00;1.00;10.00;-999.00;-999.00
SHIZU2;31/12/1999;20.00;30.00;25.00;-999.00;-999.00;60.00;0.00;1.00;10.00;-999.00;-999.00
SHIZU2;1/1/2000;20.00;30.00;25.00;-999.00;-999.00;60.00;0.00;1.00;10.00;-999.00;-999.00
SHIZU2;2/1/2000;20.00;30.00;25.00;-999.00;-999.00;60.00;15.00;1.00;10.00;-999.00;-999.00
SHIZU2;3/1/2000;20.00;30.00;25.00;-999.00;-999.00;60.00;0.00;1.00;10.00;-999.00;-999.00
SHIZU2;4/1/2000;20.00;30.00;25.00;-999.00;-999.00;60.00;0.00;1.00;10.00;-999.00;-999.00
SHIZU2;5/1/2000;20.00;30.00;25.00;-999.00;-999.00;60.00;0.00;1.00;10.00;-999.00;-999.00
SHIZU2;6/1/2000;20.00;30.00;25.00;-999.00;-999.00;60.00;0.00;1.00;10.00;-999.00;-999.00
SHIZU2;7/1/2000;20.00;30.00;25.00;-999.00;-999.00;60.00;15.00;1.00;10.00;-999.00;-999.00
SHIZU2;8/1/2000;20.00;30.00;25.00;-999.00;-999.00;60.00;0.00;1.00;10.00;-999.00;-999.00
SHIZU2;9/1/2000;20.00;30.00;25.00;-999.00;-999.00;60.00;0.00;1.00;10.00;-999.00;-999.00
SHIZU2;10/1/2000;20.00;30.00;25.00;-999.00;-999.00;60.00;0.00;1.00;10.00;-999.00;-999.00
SHIZU2;11/1/2000;20.00;30.00;25.00;-999.00;-999.00;60.00;0.00;1.00;10.00;-999.00;-999.00
SHIZU2;12/1/2000;20.00;30.00;25.00;-999.00;-999.00;60.00;15.00;1.00;10.00;-999.00;-999.00
SHIZU2;13/1/2000;20.00;30.00;25.00;-999.00;-999.00;60.00;0.00;1.00;10.00;-999.00;-999.00
SHIZU2;14/1/2000;20.00;30.00;25.00;-999.00;-999.00;60.00;0.00;1.00;10.00;-999.00;-999.00
SHIZU2;15/1/2000;20.00;30.00;25.00;-999.00;-999.00;60.00;0.00;1.00;10.00;-999.00;-999.00
SHIZU2;16/1/2000;20.00;30.00;25.00;-999.00;-999.00;60.00;0.00;1.00;10.00;-999.00;-999.00
SHIZU2;17/1/2000;20.00;30.00;25.00;-999.00;-999.00;60.00;15.00;1.00;10.00;-999.00;-999.00
SHIZU2;18/1/2000;20.00;30.00;25.00;-999.00;-999.00;60.00;0.00;1.00;10.00;-999.00;-999.00
SHIZU2;19/1/2000;20.00;30.00;25.00;-999.00;-999.00;60.00;0.00;1.00;10.00;-999.00;-999.00
SHIZU2;20/1/2000;20.00;30.00;25.00;-999.00;-999.00;60.00;0.00;1.00;10.00;-999.00;-999.00
SHIZU2;21/1/2000;20.00;30.00;25.00;-999.00;-999.00;60.00;0.00;1.00;10.00;-999.00;-999.00
SHIZU2;22/1/2000;20.00;30.00;25.00;-999.00;-999.00;60.00;15.00;1.00;10.00;-999.00;-999.00
SHIZU2;23/1/2000;20.00;30.00;25.00;-999.00;-999.00;60.00;0.00;1.00;10.00;-999.00;-999.00
SHIZU2;24/1/2000;20.00;30.00;25.00;-999.00;-999.00;60.00;0.00;1.00;10.00;-999.00;-999.00
SHIZU2;25/1/2000;20.00;30.00;25.00;-999.00;-999.00;60.00;0.00;1.00;10.00;-999.00;-999.00
SHIZU2;26/1/2000;20.00;30.00;25.00;-999.00;-999.00;60.00;0.00;1.00;10.00;-999.00;-999.00
SHIZU2;27/1/2000;20.00;30.00;25.00;-999.00;-999.00;60.00;15.00;1.00;10.00;-999.00;-999.00
SHIZU2;28/1/2000;20.00;30.00;25.00;-999.00;-999.00;60.00;0.00;1.00;10.00;-999.00;-999.00
SHIZU2;29/1/2000;20.00;30.00;25.00;-999.00;-999.00;60.00;0.00;1.00;10.00;-999.00;-999.00
SHIZU2;30/1/2000;20.00;30.00;25.00;-999.00;-999.00;60.00;0.00;1.00;10.00;-999.00;-999.00
SHIZU2;31/1/2000;20.00;30.00;25.00;-999.00;-999.00;60.00;0.00;1.00;10.00;-999.00;-999.00
SHIZU2;1/2/2000;20.00;30.00;25.00;-999.00;-999.00;60.00;15.00;1.00;10.00;-999.00;-999.00
SHIZU2;2/2/2000;20.00;30.00;25.00;-999.00;-999.00;60.00;0.00;1.00;10.00;-999.00;-999.00
SHIZU2;3/2/2000;20.00;30.00;25.00;-999.00;-999.00;60.00;0.00;1.00;10.00;-999.00;-999.00
SHIZU2;4/2/2000;20.00;30.00;25.00;-999.00;-999.00;60.00;0.00;1.00;10.00;-999.00;-999.00
SHIZU2;5/2/2000;20.00;30.00;25.00;-999.00;-999.00;60.00;0.00;1.00;10.00;-999.00;-999.00
SHIZU2;6/2/2000;20.00;30.00;25.00;-999.00;-999.00;60.00;15.00;1.00;10.00;-999.00;-999.00
SHIZU2;7/2/2000;20.00;30.00;25.00;-999.00;-999.00;60.00;0.00;1.00;10.00;-999.00;-999.00
SHIZU2;8/2/2000;20.00;30.00;25.00;-999.00;-999.00;60.00;0.00;1.00;10.00;-999.00;-999.00
SHIZU2;9/2/2000;20.00;30.00;25.00;-999.00;-999.00;60.00;0.00;1.00;10.00;-999.00;-999.00
SHIZU2;10/2/2000;20.00;30.00;25.00;-999.00;-999.00;60.00;0.00;1.00;10.00;-999.00;-999.00
SHIZU2;11/2/2000;20.00;30.00;25.00;-999.00;-999.00;60.00;15.00;1.00;10.00;-999.00;-999.00
SHIZU2;12/2/2000;20.00;30.00;25.00;-999.00;-999.00;60.00;0.00;1.00;10.00;-999.00;-999.00
SHIZU2;13/2/2000;20.00;30.00;25.00;-999.00;-999.00;60.00;0.00;1.00;10.00;-999.00;-999.00
SHIZU2;14/2/2000;20.00;30.00;25.00;-999.00;-999.00;60.00;0.00;1.00;10.00;-999.00;-999.00
SHIZU2;15/2/2000;20.00;30.00;25.00;-999.00;-999.00;60.00;0.00;1.00;10.00;-999.00;-999.00
SHIZU2;16/2/2000;20.00;30.00;25.00;-999.00;-999.00;60.00;15.00;1.00;10.00;-999.00;-999.00
SHIZU2;17/2/2000;20.00;30.00;25.00;-999.00;-999.00;60.00;0.00;1.00;10.00;-999.00;-999.00
SHIZU2;18/2/2000;20.00;30.00;25.00;-999.00;-999.00;60.00;0.00;1.00;10.00;-999.00;-999.00
SHIZU2;19/2/2000;20.00;30.00;25.00;-999.00;-999.00;60.00;0.00;1.00;10.00;-999.00;-999.00
SHIZU2;20/2/2000;20.00;30.00;25.00;-999.00;-999.00;60.00;0.00;1.00;10.00;-999.00;-999.00
SHIZU2;21/2/2000;20.00;30.00;25.00;-999.00;-999.00;60.00;15.00;1.00;10.00;-999.00;-999.00
SHIZU2;22/2/2000;20.00;30.00;25.00;-999.00;-999.00;60.00;0.00;1.00;10.00;-999.00;-999.00
SHIZU2;23/2/2000;20.00;30.00;25.00;-999.00;-999.00;60.00;0.00;1.00;10.00;-999.00;-999.00
SHIZU2;24/2/2000;20.00;30.00;25.00;-999.00;-999.00;60.00;0.00;1.00;10.00;-999.00;-999.00
SHIZU2;25/2/2000;20.00;30.00;25.00;-999.00;-999.00;60.00;0.00;1.00;10.00;-999.00;-999.00
SHIZU2;26/2/2000;20.00;30.00;25.00;-999.00;-999.00;60.00;15.00;1.00;10.00;-999.00;-999.00
SHIZU2;27/2/2000;20.00;30.00;25.00;-999.00;-999.00;60.00;0.00;1.00;10.00;-999.00;-999.00
SHIZU2;28/2/2000;20.00;30.00;25.00;-999.00;-999.00;60.00;0.00;1.00;10.00;-999.00;-999.00
SHIZU2;29/2/2000;20.00;30.00;25.00;-999.00;-999.00;60.00;0.00;1.00;10.00;-999.00;-999.00
SHIZU2;1/3/2000;20.00;30.00;25.00;-999.00;-999.00;60.00;0.00;1.00;10.00;-999.00;-999.00
SHIZU2;2/3/2000;20.00;30.00;25.00;-999.00;-999.00;60.00;15.00;1.00;10.00;-999.00;-999.00
SHIZU2;3/3/2000;20.00;30.00;25.00;-999.00;-999.00;60.00;0.00;1.00;10.00;-999.00;-999.00
SHIZU2;4/3/2000;20.00;30.00;25.00;-999.00;-999.00;60.00;0.00;1.00;10.00;-999.00;-999.00
SHIZU2;5/3/2000;20.00;30.00;25.00;-999.00;-999.00;60.00;0.00;1.00;10.00;-999.00;-999.00
SHIZU2;6/3/2000;20.00;30.00;25.00;-999.00;-999.00;60.00;0.00;1.00;10.00;-999.00;-999.00
SHIZU2;7/3/2000;20.00;30.00;25.00;-999.00;-999.00;60.00;15.00;1.00;10.00;-999.00;-999.00
SHIZU2;8/3/2000;20.00;30.00;25.00;-999.00;-999.00;60.00;0.00;1.00;10.00;-999.00;-999.00
SHIZU2;9/3/2000;20.00;30.00;25.00;-999.00;-999.00;60.00;0.00;1.00;10.00;-999.00;-999.00
SHIZU2;10/3/2000;20.00;30.00;25.00;-999.00;-999.00;60.00;0.00;1.00;10.00;-999.00;-999.00
SHIZU2;11/3/2000;20.00;30.00;25.00;-999.00;-999.00;60.00;0.00;1.00;10.00;-999.00;-999.00
SHIZU2;12/3/2000;20.00;30.00;25.00;-999.00;-999.00;60.00;15.00;1.00;10.00;-999.00;-999.00
SHIZU2;13/3/2000;20.00;30.00;25.00;-999.00;-999.00;60.00;0.00;1.00;10.00;-999.00;-999.00
SHIZU2;14/3/2000;20.00;30.00;25.00;-999.00;-999.00;60.00;0.00;1.00;10.00;-999.00;-999.00
SHIZU2;15/3/2000;20.00;30.00;25.00;-999.00;-999.00;60.00;0.00;1.00;10.00;-999.00;-999.00
SHIZU2;16/3/2000;20.00;30.00;25.00;-999.00;-999.00;60.00;0.00;1.00;10.00;-999.00;-999.00
SHIZU2;17/3/2000;20.00;30.00;25.00;-999.00;-999.00;60.00;15.00;1.00;10.00;-999.00;-999.00
SHIZU2;18/3/2000;20.00;30.00;25.00;-999.00;-999.00;60.00;0.00;1.00;10.00;-999.00;-999.00
SHIZU2;19/3/2000;20.00;30.00;25.00;-999.00;-999.00;60.00;0.00;1.00;10.00;-999.00;-999.00
SHIZU2;20/3/2000;20.00;30.00;25.00;-999.00;-999.00;60.00;0.00;1.00;10.00;-999.00;-999.00
SHIZU2;21/3/2000;20.00;30.00;25.00;-999.00;-999.00;60.00;0.00;1.00;10.00;-999.00;-999.00
SHIZU2;22/3/2000;20.00;30.00;25.00;-999.00;-999.00;60.00;15.00;1.00;10.00;-999.00;-999.00
SHIZU2;23/3/2000;20.00;30.00;25.00;-999.00;-999.00;60.00;0.00;1.00;10.00;-999.00;-999.00
SHIZU2;24/3/2000;20.00;30.00;25.00;-999.00;-999.00;60.00;0.00;1.00;10.00;-999.00;-999.00
SHIZU2;25/3/2000;20.00;30.00;25.00;-999.00;-999.00;60.00;0.00;1.00;10.00;-999.00;-999.00
SHIZU2;26/3/2000;20.00;30.00;25.00;-999.00;-999.00;60.00;0.00;1.00;10.00;-999.00;-999.00
SHIZU2;27/3/2000;20.00;30.00;25.00;-999.00;-999.00;60.00;15.00;1.00;10.00;-999.00;-999.00
SHIZU2;28/3/2000;20.00;30.00;25.00;-999.00;-999.00;60.00;0.00;1.00;10.00;-999.00;-999.00
SHIZU2;29/3/2000;20.00;30.00;25.00;-999.00;-999.00;60.00;0.00;1.00;10.00;-999.00;-999.00
SHIZU2;30/3/2000;20.00;30.00;25.00;-999.00;-999.00;60.00;0.00;1.00;10.00;-999.00;-999.00
SHIZU2;31/3/2000;20.00;30.00;25.00;-999.00;-999.00;60.00;0.00;1.00;10.00;-999.00;-999.00
SHIZU2;1/4/2000;20.00;30.00;25.00;-999.00;-999.00;60.00;15.00;1.00;10.00;-999.00;-999.00
SHIZU2;2/4/2000;20.00;30.00;25.00;-999.00;-999.00;60.00;0.00;1.00;10.00;-999.00;-999.00
SHIZU2;3/4/2000;20.00;30.00;25.00;-999.00;-999.00;60.00;0.00;1.00;10.00;-999.00;-999.00
SHIZU2;4/4/2000;20.00;30.00;25.00;-999.00;-999.00;60.00;0.00;1.00;10.00;-999.00;-999.00
SHIZU2;5/4/2000;20.00;30.00;25.00;-999.00;-999.00;60.00;0.00;1.00;10.00;-999.00;-999.00
SHIZU2;6/4/2000;20.00;30.00;25.00;-999.00;-999.00;60.00;15.00;1.00;10.00;-999.00;-999.00
SHIZU2;7/4/2000;20.00;30.00;25.00;-999.00;-999.00;60.00;0.00;1.00;10.00;-999.00;-999.00
SHIZU2;8/4/2000;20.00;30.00;25.00;-999.00;-999.00;60.00;0.00;1.00;10.00;-999.00;-999.00
SHIZU2;9/4/2000;20.00;30.00;25.00;-999.00;-999.00;60.00;0.00;1.00;10.00;-999.00;-999.00
SHIZU2;10/4/2000;20.00;30.00;25.00;-999.00;-999.00;60.00;0.00;1.00;10.00;-999.00;-999.00
SHIZU2;11/4/2000;20.00;30.00;25.00;-999.00;-999.00;60.00;15.00;1.00;10.00;-999.00;-999.00
SHIZU2;12/4/2000;20.00;30.00;25.00;-999.00;-999.00;60.00;0.00;1.00;10.00;-999.00;-999.00
SHIZU2;13/4/2000;20.00;30.00;25.00;-999.00;-999.00;60.00;0.00;1.00;10.00;-999.00;-999.00
SHIZU2;14/4/2000;20.00;30.00;25.00;-999.00;-999.00;60.00;0.00;1.00;10.00;-999.00;-999.00
SHIZU2;15/4/2000;20.00;30.00;25.00;-999.00;-999.00;60.00;0.00;1.00;10.00;-999.00;-999.00
SHIZU2;16/4/2000;20.00;30.00;25.00;-999.00;-999.00;60.00;15.00;1.00;10.00;-999.00;-999.00
SHIZU2;17/4/2000;20.00;30.00;25.00;-999.00;-999.00;60.00;0.00;1.00;10.00;-999.00;-999.00
SHIZU2;18/4/2000;20.00;30.00;25.00;-999.00;-999.00;60.00;0.00;1.00;10.00;-999.00;-999.00
SHIZU2;19/4/2000;20.00;30.00;25.00;-999.00;-999.00;60.00;0.00;1.00;10.00;-999.00;-999.00
SHIZU2;20/4/2000;20.00;30.00;25.00;-999.00;-999.00;60.00;0.00;1.00;10.00;-999.00;-999.00
SHIZU2;21/4/2000;20.00;30.00;25.00;-999.00;-999.00;60.00;15.00;1.00;10.00;-999.00;-999.00
SHIZU2;22/4/2000;20.00;30.00;25.00;-999.00;-999.00;60.00;0.00;1.00;10.00;-999.00;-999.00
SHIZU2;23/4/2000;20.00;30.00;25.00;-999.00;-999.00;60.00;0.00;1.00;10.00;-999.00;-999.00
SHIZU2;24/4/2000;20.00;30.00;25.00;-999.00;-999.00;60.00;0.00;1.00;10.00;-999.00;-999.00
SHIZU2;25/4/2000;20.00;30.00;25.00;-999.00;-999.00;60.00;0.00;1.00;10.00;-999.00;-999.00
SHIZU2;26/4/2000;20.00;30.00;25.00;-999.00;-999.00;60.00;15.00;1.00;10.00;-999.00;-999.00
SHIZU2;27/4/2000;20.00;30.00;25.00;-999.00;-999.00;60.00;0.00;1.00;10.00;-999.00;-999.00
SHIZU2;28/4/2000;20.00;30.00;25.00;-999.00;-999.00;60.00;0.00;1.00;10.00;-999.00;-999.00
SHIZU2;29/4/2000;20.00;30.00;25.00;-999.00;-999.00;60.00;0.00;1.00;10.00;-999.00;-999.00
SHIZU2;30/4/2000;20.00;30.00;25.00;-999.00;-999.00;60.00;0.00;1.00;10.00;-999.00;-999.00
SHIZU2;1/5/2000;20.00;30.00;25.00;-999.00;-999.00;60.00;15.00;1.00;10.00;-999.00;-999.00
SHIZU2;2/5/2000;20.00;30.00;25.00;-999.00;-999.00;60.00;0.00;1.00;10.00;-999.00;-999.00
SHIZU2;3/5/2000;20.00;30.00;25.00;-999.00;-999.00;60.00;0.00;1.00;10.00;-999.00;-999.00
SHIZU2;4/5/2000;20.00;30.00;25.00;-999.00;-999.00;60.00;0.00;1.00;10.00;-999.00;-999.00
SHIZU2;5/5/2000;20.00;30.00;25.00;-999.00;-999.00;60.00;0.00;1.00;10.00;-999.00;-999.00
SHIZU2;6/5/2000;20.00;30.00;25.00;-999.00;-999.00;60.00;15.00;1.00;10.00;-999.00;-999.00
SHIZU2;7/5/2000;20.00;30.00;25.00;-999.00;-999.00;60.00;0.00;1.00;10.00;-999.00;-999.00
SHIZU2;8/5/2000;20.00;30.00;25.00;-999.00;-999.00;60.00;0.00;1.00;10.00;-999.00;-999.00
SHIZU2;9/5/2000;20.00;30.00;25.00;-999.00;-999.00;60.00;0.00;1.00;10.00;-999.00;-999.00
SHIZU2;10/5/2000;20.00;30.00;25.00;-999.00;-999.00;60.00;0.00;1.00;10.00;-999.00;-999.00
SHIZU2;11/5/2000;20.00;30.00;25.00;-999.00;-999.00;60.00;15.00;1.00;10.00;-999.00;-999.00
SHIZU2;12/5/2000;20.00;30.00;25.00;-999.00;-999.00;60.00;0.00;1.00;10.00;-999.00;-999.00
SHIZU2;13/5/2000;20.00;30.00;25.00;-999.00;-999.00;60.00;0.00;1.00;10.00;-999.00;-999.00
SHIZU2;14/5/2000;20.00;30.00;25.00;-999.00;-999.00;60.00;0.00;1.00;10.00;-999.00;-999.00
SHIZU2;15/5/2000;20.00;30.00;25.00;-999.00;-999.00;60.00;0.00;1.00;10.00;-999.00;-999.00
SHIZU2;16/5/2000;20.00;30.00;25.00;-999.00;-999.00;60.00;15.00;1.00;10.00;-999.00;-999.00
SHIZU2;17/5/2000;20.00;30.00;25.00;-999.00;-999.00;60.00;0.00;1.00;10.00;-999.00;-999.00
SHIZU2;18/5/2000;20.00;30.00;25.00;-999.00;-999.00;60.00;0.00;1.00;10.00;-999.00;-999.00
SHIZU2;19/5/2000;20.00;30.00;25.00;-999.00;-999.00;60.00;0.00;1.00;10.00;-999.00;-999.00
SHIZU2;20/5/2000;20.00;30.00;25.00;-999.00;-999.00;60.00;0.00;1.00;10.00;-999.00;-999.00
SHIZU2;21/5/2000;20.00;30.00;25.00;-999.00;-999.00;60.00;0.00;1.00;10.00;-999.00;-999.00
SHIZU2;22/5/2000;11.70;22.10;16.90;-999.00;-999.00;74.20;0.30;1.06;19.12;-999.00;-999.00
SHIZU2;23/5/2000;10.10;23.60;16.85;-999.00;-999.00;65.90;0.30;1.59;25.56;-999.00;-999.00
SHIZU2;24/5/2000;9.70;18.60;14.15;-999.00;-999.00;86.10;0.00;0.88;12.90;-999.00;-999.00
SHIZU2;25/5/2000;12.00;24.40;18.20;-999.00;-999.00;68.70;15.40;1.50;28.49;-999.00;-999.00
SHIZU2;26/5/2000;10.20;30.70;20.45;-999.00;-999.00;59.60;0.10;1.67;27.54;-999.00;-999.00
SHIZU2;27/5/2000;11.50;29.00;20.25;-999.00;-999.00;68.40;0.00;1.76;22.64;-999.00;-999.00
SHIZU2;28/5/2000;13.90;20.90;17.40;-999.00;-999.00;88.60;0.00;2.38;6.49;-999.00;-999.00
SHIZU2;29/5/2000;12.80;21.70;17.25;-999.00;-999.00;64.90;12.30;4.76;25.51;-999.00;-999.00
SHIZU2;30/5/2000;10.50;26.30;18.40;-999.00;-999.00;40.30;4.30;3.35;32.13;-999.00;-999.00
SHIZU2;31/5/2000;10.90;22.30;16.60;-999.00;-999.00;67.60;0.00;0.88;12.50;-999.00;-999.00
SHIZU2;1/6/2000;11.10;22.90;17.00;-999.00;-999.00;77.90;0.00;1.94;12.84;-999.00;-999.00
SHIZU2;2/6/2000;11.20;20.70;15.95;-999.00;-999.00;71.70;2.70;4.05;27.97;-999.00;-999.00
SHIZU2;3/6/2000;9.10;24.20;16.65;-999.00;-999.00;65.30;0.00;1.67;25.63;-999.00;-999.00
SHIZU2;4/6/2000;9.40;19.50;14.45;-999.00;-999.00;74.50;0.00;2.82;24.12;-999.00;-999.00
SHIZU2;5/6/2000;6.50;24.10;15.30;-999.00;-999.00;65.50;0.00;1.32;30.00;-999.00;-999.00
SHIZU2;6/6/2000;8.40;27.20;17.80;-999.00;-999.00;67.00;0.00;2.38;28.07;-999.00;-999.00
SHIZU2;7/6/2000;13.10;23.40;18.25;-999.00;-999.00;64.50;0.00;2.64;13.77;-999.00;-999.00
SHIZU2;8/6/2000;12.20;28.50;20.35;-999.00;-999.00;69.70;0.00;1.15;20.32;-999.00;-999.00
SHIZU2;9/6/2000;14.50;17.30;15.90;-999.00;-999.00;91.80;0.00;1.15;5.29;-999.00;-999.00
SHIZU2;10/6/2000;13.70;21.40;17.55;-999.00;-999.00;71.50;8.40;2.73;22.85;-999.00;-999.00
SHIZU2;11/6/2000;13.60;16.70;15.15;-999.00;-999.00;90.90;0.00;0.26;4.81;-999.00;-999.00
SHIZU2;12/6/2000;13.20;22.90;18.05;-999.00;-999.00;77.00;0.40;1.06;18.54;-999.00;-999.00
SHIZU2;13/6/2000;14.50;23.30;18.90;-999.00;-999.00;74.20;0.00;1.15;17.11;-999.00;-999.00
SHIZU2;14/6/2000;14.30;20.00;17.15;-999.00;-999.00;92.60;0.00;0.62;7.01;-999.00;-999.00
SHIZU2;15/6/2000;10.40;27.20;18.80;-999.00;-999.00;70.60;7.20;1.32;30.00;-999.00;-999.00
SHIZU2;16/6/2000;12.50;26.50;19.50;-999.00;-999.00;71.90;0.10;1.94;19.99;-999.00;-999.00
SHIZU2;17/6/2000;15.10;26.90;21.00;-999.00;-999.00;75.30;0.00;1.06;14.14;-999.00;-999.00
SHIZU2;18/6/2000;15.00;29.10;22.05;-999.00;-999.00;69.40;0.80;1.59;25.99;-999.00;-999.00
SHIZU2;19/6/2000;13.60;28.50;21.05;-999.00;-999.00;55.70;0.10;2.03;28.81;-999.00;-999.00
SHIZU2;20/6/2000;13.30;29.80;21.55;-999.00;-999.00;49.40;0.00;1.76;29.18;-999.00;-999.00
SHIZU2;21/6/2000;15.40;28.20;21.80;-999.00;-999.00;70.40;0.00;1.94;19.24;-999.00;-999.00
SHIZU2;22/6/2000;13.10;30.50;21.80;-999.00;-999.00;66.20;0.00;1.15;25.41;-999.00;-999.00
SHIZU2;23/6/2000;17.30;26.50;21.90;-999.00;-999.00;76.60;0.00;0.79;13.51;-999.00;-999.00
SHIZU2;24/6/2000;16.70;23.50;20.10;-999.00;-999.00;78.90;0.00;1.15;13.13;-999.00;-999.00
SHIZU2;25/6/2000;12.30;24.40;18.35;-999.00;-999.00;74.60;0.30;1.41;19.55;-999.00;-999.00
SHIZU2;26/6/2000;11.60;20.40;16.00;-999.00;-999.00;78.50;1.80;1.06;10.80;-999.00;-999.00
SHIZU2;27/6/2000;16.60;18.80;17.70;-999.00;-999.00;89.30;0.00;0.88;2.78;-999.00;-999.00
SHIZU2;28/6/2000;17.40;24.20;20.80;-999.00;-999.00;94.50;32.20;1.23;7.04;-999.00;-999.00
SHIZU2;29/6/2000;14.60;28.50;21.55;-999.00;-999.00;71.70;31.90;1.85;29.43;-999.00;-999.00
SHIZU2;30/6/2000;16.80;31.30;24.05;-999.00;-999.00;78.20;0.10;1.23;18.94;-999.00;-999.00
SHIZU2;1/7/2000;20.10;26.20;23.15;-999.00;-999.00;94.00;1.10;0.88;6.84;-999.00;-999.00
SHIZU2;2/7/2000;20.30;28.60;24.45;-999.00;-999.00;86.00;12.40;1.50;16.83;-999.00;-999.00
SHIZU2;3/7/2000;17.30;28.90;23.10;-999.00;-999.00;73.00;9.10;1.85;19.52;-999.00;-999.00
SHIZU2;4/7/2000;15.40;30.30;22.85;-999.00;-999.00;78.40;0.00;1.15;26.82;-999.00;-999.00
SHIZU2;5/7/2000;16.90;28.60;22.75;-999.00;-999.00;81.10;3.60;0.88;16.82;-999.00;-999.00
SHIZU2;6/7/2000;18.90;29.00;23.95;-999.00;-999.00;78.90;2.80;1.32;21.03;-999.00;-999.00
SHIZU2;7/7/2000;18.60;24.60;21.60;-999.00;-999.00;84.40;0.00;0.62;9.02;-999.00;-999.00
SHIZU2;8/7/2000;16.80;20.00;18.40;-999.00;-999.00;87.00;0.00;3.52;3.41;-999.00;-999.00
SHIZU2;9/7/2000;17.30;22.90;20.10;-999.00;-999.00;80.30;54.60;2.91;9.29;-999.00;-999.00
SHIZU2;10/7/2000;14.90;27.10;21.00;-999.00;-999.00;72.40;4.70;2.20;29.29;-999.00;-999.00
SHIZU2;11/7/2000;12.90;29.20;21.05;-999.00;-999.00;68.00;0.00;1.59;28.40;-999.00;-999.00
SHIZU2;12/7/2000;17.10;27.20;22.15;-999.00;-999.00;86.60;0.00;0.88;14.08;-999.00;-999.00
SHIZU2;13/7/2000;19.00;27.30;23.15;-999.00;-999.00;90.70;32.90;0.97;7.85;-999.00;-999.00
SHIZU2;14/7/2000;19.40;32.50;25.95;-999.00;-999.00;72.90;1.10;1.41;24.94;-999.00;-999.00
SHIZU2;15/7/2000;20.30;30.70;25.50;-999.00;-999.00;77.10;0.00;2.03;18.70;-999.00;-999.00
SHIZU2;16/7/2000;18.40;26.70;22.55;-999.00;-999.00;88.10;0.00;0.88;12.27;-999.00;-999.00
SHIZU2;17/7/2000;21.10;28.00;24.55;-999.00;-999.00;78.50;3.20;2.11;13.31;-999.00;-999.00
SHIZU2;18/7/2000;19.60;24.10;21.85;-999.00;-999.00;92.30;4.00;1.32;7.49;-999.00;-999.00
SHIZU2;19/7/2000;20.30;27.30;23.80;-999.00;-999.00;83.20;52.50;1.15;12.27;-999.00;-999.00
SHIZU2;20/7/2000;19.70;29.00;24.35;-999.00;-999.00;84.60;2.10;0.71;15.90;-999.00;-999.00
SHIZU2;21/7/2000;19.30;31.30;25.30;-999.00;-999.00;84.60;0.10;1.15;19.94;-999.00;-999.00
SHIZU2;22/7/2000;21.00;30.80;25.90;-999.00;-999.00;85.70;0.00;0.97;15.18;-999.00;-999.00
SHIZU2;23/7/2000;22.30;29.40;25.85;-999.00;-999.00;82.70;0.70;1.15;10.83;-999.00;-999.00
SHIZU2;24/7/2000;20.10;33.10;26.60;-999.00;-999.00;77.60;2.00;1.15;24.23;-999.00;-999.00
SHIZU2;25/7/2000;19.00;28.30;23.65;-999.00;-999.00;90.60;1.10;0.97;8.54;-999.00;-999.00
SHIZU2;26/7/2000;18.00;22.00;20.00;-999.00;-999.00;98.30;8.50;0.26;4.54;-999.00;-999.00
SHIZU2;27/7/2000;18.00;30.10;24.05;-999.00;-999.00;75.80;16.00;0.62;22.69;-999.00;-999.00
SHIZU2;28/7/2000;18.40;31.20;24.80;-999.00;-999.00;80.40;0.10;0.88;21.04;-999.00;-999.00
SHIZU2;29/7/2000;19.40;28.80;24.10;-999.00;-999.00;81.10;0.00;0.62;14.15;-999.00;-999.00
SHIZU2;30/7/2000;19.90;31.30;25.60;-999.00;-999.00;79.90;0.00;1.15;22.04;-999.00;-999.00
SHIZU2;31/7/2000;20.30;35.20;27.75;-999.00;-999.00;77.70;0.00;0.88;26.12;-999.00;-999.00
SHIZU2;1/8/2000;21.50;35.40;28.45;-999.00;-999.00;79.00;0.00;0.97;23.19;-999.00;-999.00
SHIZU2;2/8/2000;22.50;33.40;27.95;-999.00;-999.00;76.50;15.30;1.50;21.59;-999.00;-999.00
SHIZU2;3/8/2000;21.90;33.60;27.75;-999.00;-999.00;77.70;0.00;1.15;22.14;-999.00;-999.00
SHIZU2;4/8/2000;21.50;33.20;27.35;-999.00;-999.00;77.20;0.00;1.41;20.14;-999.00;-999.00
SHIZU2;5/8/2000;21.20;32.00;26.60;-999.00;-999.00;79.80;0.00;1.23;20.87;-999.00;-999.00
SHIZU2;6/8/2000;20.20;29.10;24.65;-999.00;-999.00;88.70;1.50;0.71;17.07;-999.00;-999.00
SHIZU2;7/8/2000;20.30;30.90;25.60;-999.00;-999.00;84.40;20.00;1.15;20.23;-999.00;-999.00
SHIZU2;8/8/2000;19.90;31.80;25.85;-999.00;-999.00;82.50;7.50;1.15;20.67;-999.00;-999.00
SHIZU2;9/8/2000;19.90;30.30;25.10;-999.00;-999.00;80.30;0.10;1.23;15.82;-999.00;-999.00
SHIZU2;10/8/2000;19.70;29.20;24.45;-999.00;-999.00;82.60;0.00;1.32;17.38;-999.00;-999.00
SHIZU2;11/8/2000;19.20;27.70;23.45;-999.00;-999.00;90.10;8.80;1.50;6.57;-999.00;-999.00
SHIZU2;12/8/2000;21.90;31.30;26.60;-999.00;-999.00;69.80;18.40;1.59;24.12;-999.00;-999.00
SHIZU2;13/8/2000;15.10;27.80;21.45;-999.00;-999.00;71.90;2.00;0.79;18.40;-999.00;-999.00
SHIZU2;14/8/2000;12.80;30.30;21.55;-999.00;-999.00;75.70;0.00;0.97;22.90;-999.00;-999.00
SHIZU2;15/8/2000;21.10;32.60;26.85;-999.00;-999.00;77.20;0.00;0.97;18.60;-999.00;-999.00
SHIZU2;16/8/2000;20.40;31.00;25.70;-999.00;-999.00;80.50;2.30;1.41;19.67;-999.00;-999.00
SHIZU2;17/8/2000;14.50;30.00;22.25;-999.00;-999.00;62.00;1.90;2.20;26.67;-999.00;-999.00
SHIZU2;18/8/2000;13.40;30.00;21.70;-999.00;-999.00;69.00;0.00;1.67;21.16;-999.00;-999.00
SHIZU2;19/8/2000;16.60;31.40;24.00;-999.00;-999.00;74.70;0.00;0.88;22.35;-999.00;-999.00
SHIZU2;20/8/2000;21.20;30.70;25.95;-999.00;-999.00;75.60;0.00;0.71;17.32;-999.00;-999.00
SHIZU2;21/8/2000;20.30;29.80;25.05;-999.00;-999.00;78.50;0.00;0.88;14.08;-999.00;-999.00
SHIZU2;22/8/2000;20.30;32.40;26.35;-999.00;-999.00;85.70;0.00;0.53;15.04;-999.00;-999.00
SHIZU2;23/8/2000;18.60;30.10;24.35;-999.00;-999.00;80.00;3.80;1.50;18.02;-999.00;-999.00
SHIZU2;24/8/2000;16.90;30.60;23.75;-999.00;-999.00;72.90;2.80;1.59;22.89;-999.00;-999.00
SHIZU2;25/8/2000;15.20;32.00;23.60;-999.00;-999.00;68.50;0.00;0.71;21.90;-999.00;-999.00
SHIZU2;26/8/2000;17.50;30.30;23.90;-999.00;-999.00;83.30;0.00;1.32;13.94;-999.00;-999.00
SHIZU2;27/8/2000;18.60;30.00;24.30;-999.00;-999.00;73.10;5.00;1.06;18.16;-999.00;-999.00
SHIZU2;28/8/2000;20.50;27.00;23.75;-999.00;-999.00;84.30;0.00;0.62;8.55;-999.00;-999.00
SHIZU2;29/8/2000;20.20;31.10;25.65;-999.00;-999.00;82.10;0.00;1.32;18.34;-999.00;-999.00
SHIZU2;30/8/2000;21.10;29.40;25.25;-999.00;-999.00;78.90;0.00;0.97;14.63;-999.00;-999.00
SHIZU2;31/8/2000;22.20;27.90;25.05;-999.00;-999.00;82.90;0.00;0.44;8.28;-999.00;-999.00
SHIZU2;1/9/2000;22.30;31.50;26.90;-999.00;-999.00;81.80;0.00;0.88;12.14;-999.00;-999.00
SHIZU2;2/9/2000;20.70;27.60;24.15;-999.00;-999.00;79.20;1.00;3.26;9.27;-999.00;-999.00
SHIZU2;3/9/2000;16.80;21.00;18.90;-999.00;-999.00;87.00;31.50;2.29;5.54;-999.00;-999.00
SHIZU2;4/9/2000;14.50;22.90;18.70;-999.00;-999.00;78.50;9.10;2.03;15.30;-999.00;-999.00
SHIZU2;5/9/2000;11.00;23.60;17.30;-999.00;-999.00;76.50;0.10;0.53;17.08;-999.00;-999.00
SHIZU2;6/9/2000;17.00;24.80;20.90;-999.00;-999.00;93.50;1.80;0.26;7.74;-999.00;-999.00
SHIZU2;7/9/2000;16.50;28.60;22.55;-999.00;-999.00;78.70;5.30;1.32;14.76;-999.00;-999.00
SHIZU2;8/9/2000;14.20;26.20;20.20;-999.00;-999.00;84.20;0.00;0.71;13.05;-999.00;-999.00
SHIZU2;9/9/2000;18.10;20.20;19.15;-999.00;-999.00;95.40;0.00;0.26;1.56;-999.00;-999.00
SHIZU2;10/9/2000;17.90;23.30;20.60;-999.00;-999.00;92.80;54.30;0.18;6.24;-999.00;-999.00
SHIZU2;11/9/2000;18.60;21.50;20.05;-999.00;-999.00;96.00;3.10;0.18;3.42;-999.00;-999.00
SHIZU2;12/9/2000;16.50;18.90;17.70;-999.00;-999.00;93.80;36.80;1.23;2.56;-999.00;-999.00
SHIZU2;13/9/2000;16.20;18.60;17.40;-999.00;-999.00;91.60;26.00;0.26;3.62;-999.00;-999.00
SHIZU2;14/9/2000;17.30;24.40;20.85;-999.00;-999.00;91.60;5.10;0.35;7.81;-999.00;-999.00
SHIZU2;15/9/2000;20.60;28.90;24.75;-999.00;-999.00;83.80;0.20;1.32;9.39;-999.00;-999.00
SHIZU2;16/9/2000;23.10;27.50;25.30;-999.00;-999.00;78.30;0.10;1.76;4.83;-999.00;-999.00
SHIZU2;17/9/2000;18.50;28.70;23.60;-999.00;-999.00;85.40;0.00;2.47;10.27;-999.00;-999.00
SHIZU2;18/9/2000;13.50;25.50;19.50;-999.00;-999.00;68.00;0.50;2.38;17.37;-999.00;-999.00
SHIZU2;19/9/2000;11.00;27.20;19.10;-999.00;-999.00;82.00;2.40;0.71;16.78;-999.00;-999.00
SHIZU2;20/9/2000;11.80;25.90;18.85;-999.00;-999.00;75.60;0.20;1.23;20.81;-999.00;-999.00
SHIZU2;21/9/2000;9.40;28.20;18.80;-999.00;-999.00;75.10;0.00;0.88;18.42;-999.00;-999.00
SHIZU2;22/9/2000;12.40;23.90;18.15;-999.00;-999.00;83.00;0.00;0.71;13.49;-999.00;-999.00
SHIZU2;23/9/2000;16.30;21.60;18.95;-999.00;-999.00;82.20;6.30;0.62;5.27;-999.00;-999.00
SHIZU2;24/9/2000;16.20;18.50;17.35;-999.00;-999.00;95.70;29.90;0.71;1.81;-999.00;-999.00
SHIZU2;25/9/2000;15.00;20.20;17.60;-999.00;-999.00;89.50;24.30;1.76;6.54;-999.00;-999.00
SHIZU2;26/9/2000;11.40;20.90;16.15;-999.00;-999.00;72.40;1.00;2.38;12.21;-999.00;-999.00
SHIZU2;27/9/2000;11.40;20.30;15.85;-999.00;-999.00;76.30;4.50;2.03;12.59;-999.00;-999.00
SHIZU2;28/9/2000;12.20;20.10;16.15;-999.00;-999.00;79.40;8.20;1.76;8.32;-999.00;-999.00
SHIZU2;29/9/2000;8.50;22.70;15.60;-999.00;-999.00;81.80;0.00;1.15;17.12;-999.00;-999.00
SHIZU2;30/9/2000;8.00;22.90;15.45;-999.00;-999.00;81.20;0.10;0.53;14.20;-999.00;-999.00
SHIZU2;1/10/2000;20.00;30.00;25.00;-999.00;-999.00;60.00;15.00;1.00;10.00;-999.00;-999.00
SHIZU2;2/10/2000;20.00;30.00;25.00;-999.00;-999.00;60.00;0.00;1.00;10.00;-999.00;-999.00
SHIZU2;3/10/2000;20.00;30.00;25.00;-999.00;-999.00;60.00;0.00;1.00;10.00;-999.00;-999.00
SHIZU2;4/10/2000;20.00;30.00;25.00;-999.00;-999.00;60.00;0.00;1.00;10.00;-999.00;-999.00
SHIZU2;5/10/2000;20.00;30.00;25.00;-999.00;-999.00;60.00;0.00;1.00;10.00;-999.00;-999.00
SHIZU2;6/10/2000;20.00;30.00;25.00;-999.00;-999.00;60.00;0.00;1.00;10.00;-999.00;-999.00
SHIZU2;7/10/2000;20.00;30.00;25.00;-999.00;-999.00;60.00;15.00;1.00;10.00;-999.00;-999.00
SHIZU2;8/10/2000;20.00;30.00;25.00;-999.00;-999.00;60.00;0.00;1.00;10.00;-999.00;-999.00
SHIZU2;9/10/2000;20.00;30.00;25.00;-999.00;-999.00;60.00;0.00;1.00;10.00;-999.00;-999.00
SHIZU2;10/10/2000;20.00;30.00;25.00;-999.00;-999.00;60.00;0.00;1.00;10.00;-999.00;-999.00
SHIZU2;11/10/2000;20.00;30.00;25.00;-999.00;-999.00;60.00;0.00;1.00;10.00;-999.00;-999.00
SHIZU2;12/10/2000;20.00;30.00;25.00;-999.00;-999.00;60.00;0.00;1.00;10.00;-999.00;-999.00
SHIZU2;13/10/2000;20.00;30.00;25.00;-999.00;-999.00;60.00;15.00;1.00;10.00;-999.00;-999.00
SHIZU2;14/10/2000;20.00;30.00;25.00;-999.00;-999.00;60.00;0.00;1.00;10.00;-999.00;-999.00
SHIZU2;15/10/2000;20.00;30.00;25.00;-999.00;-999.00;60.00;0.00;1.00;10.00;-999.00;-999.00
SHIZU2;16/10/2000;20.00;30.00;25.00;-999.00;-999.00;60.00;0.00;1.00;10.00;-999.00;-999.00
SHIZU2;17/10/2000;20.00;30.00;25.00;-999.00;-999.00;60.00;0.00;1.00;10.00;-999.00;-999.00
SHIZU2;18/10/2000;20.00;30.00;25.00;-999.00;-999.00;60.00;0.00;1.00;10.00;-999.00;-999.00
SHIZU2;19/10/2000;20.00;30.00;25.00;-999.00;-999.00;60.00;15.00;1.00;10.00;-999.00;-999.00
SHIZU2;20/10/2000;20.00;30.00;25.00;-999.00;-999.00;60.00;0.00;1.00;10.00;-999.00;-999.00
SHIZU2;21/10/2000;20.00;30.00;25.00;-999.00;-999.00;60.00;0.00;1.00;10.00;-999.00;-999.00
SHIZU2;22/10/2000;20.00;30.00;25.00;-999.00;-999.00;60.00;0.00;1.00;10.00;-999.00;-999.00
SHIZU2;23/10/2000;20.00;30.00;25.00;-999.00;-999.00;60.00;0.00;1.00;10.00;-999.00;-999.00
SHIZU2;24/10/2000;20.00;30.00;25.00;-999.00;-999.00;60.00;0.00;1.00;10.00;-999.00;-999.00
SHIZU2;25/10/2000;20.00;30.00;25.00;-999.00;-999.00;60.00;15.00;1.00;10.00;-999.00;-999.00
SHIZU2;26/10/2000;20.00;30.00;25.00;-999.00;-999.00;60.00;0.00;1.00;10.00;-999.00;-999.00
SHIZU2;27/10/2000;20.00;30.00;25.00;-999.00;-999.00;60.00;0.00;1.00;10.00;-999.00;-999.00
SHIZU2;28/10/2000;20.00;30.00;25.00;-999.00;-999.00;60.00;0.00;1.00;10.00;-999.00;-999.00
SHIZU2;29/10/2000;20.00;30.00;25.00;-999.00;-999.00;60.00;0.00;1.00;10.00;-999.00;-999.00
SHIZU2;30/10/2000;20.00;30.00;25.00;-999.00;-999.00;60.00;0.00;1.00;10.00;-999.00;-999.00
SHIZU2;31/10/2000;20.00;30.00;25.00;-999.00;-999.00;60.00;15.00;1.00;10.00;-999.00;-999.00
SHIZU2;1/11/2000;20.00;30.00;25.00;-999.00;-999.00;60.00;0.00;1.00;10.00;-999.00;-999.00
SHIZU2;2/11/2000;20.00;30.00;25.00;-999.00;-999.00;60.00;0.00;1.00;10.00;-999.00;-999.00
SHIZU2;3/11/2000;20.00;30.00;25.00;-999.00;-999.00;60.00;0.00;1.00;10.00;-999.00;-999.00
SHIZU2;4/11/2000;20.00;30.00;25.00;-999.00;-999.00;60.00;0.00;1.00;10.00;-999.00;-999.00
SHIZU2;5/11/2000;20.00;30.00;25.00;-999.00;-999.00;60.00;0.00;1.00;10.00;-999.00;-999.00
SHIZU2;6/11/2000;20.00;30.00;25.00;-999.00;-999.00;60.00;15.00;1.00;10.00;-999.00;-999.00
SHIZU2;7/11/2000;20.00;30.00;25.00;-999.00;-999.00;60.00;0.00;1.00;10.00;-999.00;-999.00
SHIZU2;8/11/2000;20.00;30.00;25.00;-999.00;-999.00;60.00;0.00;1.00;10.00;-999.00;-999.00
SHIZU2;9/11/2000;20.00;30.00;25.00;-999.00;-999.00;60.00;0.00;1.00;10.00;-999.00;-999.00
SHIZU2;10/11/2000;20.00;30.00;25.00;-999.00;-999.00;60.00;0.00;1.00;10.00;-999.00;-999.00
SHIZU2;11/11/2000;20.00;30.00;25.00;-999.00;-999.00;60.00;0.00;1.00;10.00;-999.00;-999.00
SHIZU2;12/11/2000;20.00;30.00;25.00;-999.00;-999.00;60.00;15.00;1.00;10.00;-999.00;-999.00
SHIZU2;13/11/2000;20.00;30.00;25.00;-999.00;-999.00;60.00;0.00;1.00;10.00;-999.00;-999.00
SHIZU2;14/11/2000;20.00;30.00;25.00;-999.00;-999.00;60.00;0.00;1.00;10.00;-999.00;-999.00
SHIZU2;15/11/2000;20.00;30.00;25.00;-999.00;-999.00;60.00;0.00;1.00;10.00;-999.00;-999.00
SHIZU2;16/11/2000;20.00;30.00;25.00;-999.00;-999.00;60.00;0.00;1.00;10.00;-999.00;-999.00
SHIZU2;17/11/2000;20.00;30.00;25.00;-999.00;-999.00;60.00;0.00;1.00;10.00;-999.00;-999.00
SHIZU2;18/11/2000;20.00;30.00;25.00;-999.00;-999.00;60.00;15.00;1.00;10.00;-999.00;-999.00
SHIZU2;19/11/2000;20.00;30.00;25.00;-999.00;-999.00;60.00;0.00;1.00;10.00;-999.00;-999.00
SHIZU2;20/11/2000;20.00;30.00;25.00;-999.00;-999.00;60.00;0.00;1.00;10.00;-999.00;-999.00
SHIZU2;21/11/2000;20.00;30.00;25.00;-999.00;-999.00;60.00;0.00;1.00;10.00;-999.00;-999.00
SHIZU2;22/11/2000;20.00;30.00;25.00;-999.00;-999.00;60.00;0.00;1.00;10.00;-999.00;-999.00
SHIZU2;23/11/2000;20.00;30.00;25.00;-999.00;-999.00;60.00;0.00;1.00;10.00;-999.00;-999.00
SHIZU2;24/11/2000;20.00;30.00;25.00;-999.00;-999.00;60.00;15.00;1.00;10.00;-999.00;-999.00
SHIZU2;25/11/2000;20.00;30.00;25.00;-999.00;-999.00;60.00;0.00;1.00;10.00;-999.00;-999.00
SHIZU2;26/11/2000;20.00;30.00;25.00;-999.00;-999.00;60.00;0.00;1.00;10.00;-999.00;-999.00
SHIZU2;27/11/2000;20.00;30.00;25.00;-999.00;-999.00;60.00;0.00;1.00;10.00;-999.00;-999.00
SHIZU2;28/11/2000;20.00;30.00;25.00;-999.00;-999.00;60.00;0.00;1.00;10.00;-999.00;-999.00
SHIZU2;29/11/2000;20.00;30.00;25.00;-999.00;-999.00;60.00;0.00;1.00;10.00;-999.00;-999.00
SHIZU2;30/11/2000;20.00;30.00;25.00;-999.00;-999.00;60.00;15.00;1.00;10.00;-999.00;-999.00
SHIZU2;1/12/2000;20.00;30.00;25.00;-999.00;-999.00;60.00;0.00;1.00;10.00;-999.00;-999.00
SHIZU2;2/12/2000;20.00;30.00;25.00;-999.00;-999.00;60.00;0.00;1.00;10.00;-999.00;-999.00
SHIZU2;3/12/2000;20.00;30.00;25.00;-999.00;-999.00;60.00;0.00;1.00;10.00;-999.00;-999.00
SHIZU2;4/12/2000;20.00;30.00;25.00;-999.00;-999.00;60.00;0.00;1.00;10.00;-999.00;-999.00
SHIZU2;5/12/2000;20.00;30.00;25.00;-999.00;-999.00;60.00;0.00;1.00;10.00;-999.00;-999.00
SHIZU2;6/12/2000;20.00;30.00;25.00;-999.00;-999.00;60.00;15.00;1.00;10.00;-999.00;-999.00
SHIZU2;7/12/2000;20.00;30.00;25.00;-999.00;-999.00;60.00;0.00;1.00;10.00;-999.00;-999.00
SHIZU2;8/12/2000;20.00;30.00;25.00;-999.00;-999.00;60.00;0.00;1.00;10.00;-999.00;-999.00
SHIZU2;9/12/2000;20.00;30.00;25.00;-999.00;-999.00;60.00;0.00;1.00;10.00;-999.00;-999.00
SHIZU2;10/12/2000;20.00;30.00;25.00;-999.00;-999.00;60.00;0.00;1.00;10.00;-999.00;-999.00
SHIZU2;11/12/2000;20.00;30.00;25.00;-999.00;-999.00;60.00;0.00;1.00;10.00;-999.00;-999.00
